{"data":1136,"parent":"item/generated","textures":{"layer0":"item/leather_horse_armor"},"overrides":[{"predicate":{"custom_model_data":1},"model":"modelengine:xi_crate/lock"},{"predicate":{"custom_model_data":2},"model":"modelengine:xi_crate/lid"},{"predicate":{"custom_model_data":3},"model":"modelengine:xi_crate/lightbeam"},{"predicate":{"custom_model_data":4},"model":"modelengine:xi_crate/item"},{"predicate":{"custom_model_data":5},"model":"modelengine:xi_crate/body"},{"predicate":{"custom_model_data":6},"model":"modelengine:baby_iron_golem/head"},{"predicate":{"custom_model_data":7},"model":"modelengine:baby_iron_golem/right_leg"},{"predicate":{"custom_model_data":8},"model":"modelengine:baby_iron_golem/left_leg"},{"predicate":{"custom_model_data":9},"model":"modelengine:baby_iron_golem/right_arm"},{"predicate":{"custom_model_data":10},"model":"modelengine:baby_iron_golem/left_arm"},{"predicate":{"custom_model_data":11},"model":"modelengine:baby_iron_golem/body"},{"predicate":{"custom_model_data":12},"model":"modelengine:cyberalien_blue/antenna"},{"predicate":{"custom_model_data":13},"model":"modelengine:cyberalien_blue/antenna2"},{"predicate":{"custom_model_data":14},"model":"modelengine:cyberalien_blue/antenna3"},{"predicate":{"custom_model_data":15},"model":"modelengine:cyberalien_blue/head"},{"predicate":{"custom_model_data":16},"model":"modelengine:cyberalien_blue/r_arm"},{"predicate":{"custom_model_data":17},"model":"modelengine:cyberalien_blue/r_leg"},{"predicate":{"custom_model_data":18},"model":"modelengine:cyberalien_blue/l_arm"},{"predicate":{"custom_model_data":19},"model":"modelengine:cyberalien_blue/l_leg"},{"predicate":{"custom_model_data":20},"model":"modelengine:cyberalien_blue/alien"},{"predicate":{"custom_model_data":21},"model":"modelengine:cyberalien_gold/antenna"},{"predicate":{"custom_model_data":22},"model":"modelengine:cyberalien_gold/antenna2"},{"predicate":{"custom_model_data":23},"model":"modelengine:cyberalien_gold/antenna3"},{"predicate":{"custom_model_data":24},"model":"modelengine:cyberalien_gold/head"},{"predicate":{"custom_model_data":25},"model":"modelengine:cyberalien_gold/r_arm"},{"predicate":{"custom_model_data":26},"model":"modelengine:cyberalien_gold/r_leg"},{"predicate":{"custom_model_data":27},"model":"modelengine:cyberalien_gold/l_arm"},{"predicate":{"custom_model_data":28},"model":"modelengine:cyberalien_gold/l_leg"},{"predicate":{"custom_model_data":29},"model":"modelengine:cyberalien_gold/alien"},{"predicate":{"custom_model_data":30},"model":"modelengine:cyberalien_green/antenna"},{"predicate":{"custom_model_data":31},"model":"modelengine:cyberalien_green/antenna2"},{"predicate":{"custom_model_data":32},"model":"modelengine:cyberalien_green/antenna3"},{"predicate":{"custom_model_data":33},"model":"modelengine:cyberalien_green/head"},{"predicate":{"custom_model_data":34},"model":"modelengine:cyberalien_green/r_arm"},{"predicate":{"custom_model_data":35},"model":"modelengine:cyberalien_green/r_leg"},{"predicate":{"custom_model_data":36},"model":"modelengine:cyberalien_green/l_arm"},{"predicate":{"custom_model_data":37},"model":"modelengine:cyberalien_green/l_leg"},{"predicate":{"custom_model_data":38},"model":"modelengine:cyberalien_green/alien"},{"predicate":{"custom_model_data":39},"model":"modelengine:cyberalien_pink/antenna"},{"predicate":{"custom_model_data":40},"model":"modelengine:cyberalien_pink/antenna2"},{"predicate":{"custom_model_data":41},"model":"modelengine:cyberalien_pink/antenna3"},{"predicate":{"custom_model_data":42},"model":"modelengine:cyberalien_pink/head"},{"predicate":{"custom_model_data":43},"model":"modelengine:cyberalien_pink/r_arm"},{"predicate":{"custom_model_data":44},"model":"modelengine:cyberalien_pink/r_leg"},{"predicate":{"custom_model_data":45},"model":"modelengine:cyberalien_pink/l_arm"},{"predicate":{"custom_model_data":46},"model":"modelengine:cyberalien_pink/l_leg"},{"predicate":{"custom_model_data":47},"model":"modelengine:cyberalien_pink/alien"},{"predicate":{"custom_model_data":48},"model":"modelengine:cyberalien_purple/antenna"},{"predicate":{"custom_model_data":49},"model":"modelengine:cyberalien_purple/antenna2"},{"predicate":{"custom_model_data":50},"model":"modelengine:cyberalien_purple/antenna3"},{"predicate":{"custom_model_data":51},"model":"modelengine:cyberalien_purple/head"},{"predicate":{"custom_model_data":52},"model":"modelengine:cyberalien_purple/r_arm"},{"predicate":{"custom_model_data":53},"model":"modelengine:cyberalien_purple/r_leg"},{"predicate":{"custom_model_data":54},"model":"modelengine:cyberalien_purple/l_arm"},{"predicate":{"custom_model_data":55},"model":"modelengine:cyberalien_purple/l_leg"},{"predicate":{"custom_model_data":56},"model":"modelengine:cyberalien_purple/alien"},{"predicate":{"custom_model_data":57},"model":"modelengine:cyberalien_red/antenna"},{"predicate":{"custom_model_data":58},"model":"modelengine:cyberalien_red/antenna2"},{"predicate":{"custom_model_data":59},"model":"modelengine:cyberalien_red/antenna3"},{"predicate":{"custom_model_data":60},"model":"modelengine:cyberalien_red/head"},{"predicate":{"custom_model_data":61},"model":"modelengine:cyberalien_red/r_arm"},{"predicate":{"custom_model_data":62},"model":"modelengine:cyberalien_red/r_leg"},{"predicate":{"custom_model_data":63},"model":"modelengine:cyberalien_red/l_arm"},{"predicate":{"custom_model_data":64},"model":"modelengine:cyberalien_red/l_leg"},{"predicate":{"custom_model_data":65},"model":"modelengine:cyberalien_red/alien"},{"predicate":{"custom_model_data":66},"model":"modelengine:cyberbird_blue/r_arm"},{"predicate":{"custom_model_data":67},"model":"modelengine:cyberbird_blue/l_arm"},{"predicate":{"custom_model_data":68},"model":"modelengine:cyberbird_blue/tail"},{"predicate":{"custom_model_data":69},"model":"modelengine:cyberbird_blue/l_foot"},{"predicate":{"custom_model_data":70},"model":"modelengine:cyberbird_blue/l_leg"},{"predicate":{"custom_model_data":71},"model":"modelengine:cyberbird_blue/r_foot"},{"predicate":{"custom_model_data":72},"model":"modelengine:cyberbird_blue/r_leg"},{"predicate":{"custom_model_data":73},"model":"modelengine:cyberbird_blue/head"},{"predicate":{"custom_model_data":74},"model":"modelengine:cyberbird_blue/bird"},{"predicate":{"custom_model_data":75},"model":"modelengine:cyberbird_gold/r_arm"},{"predicate":{"custom_model_data":76},"model":"modelengine:cyberbird_gold/l_arm"},{"predicate":{"custom_model_data":77},"model":"modelengine:cyberbird_gold/tail"},{"predicate":{"custom_model_data":78},"model":"modelengine:cyberbird_gold/l_foot"},{"predicate":{"custom_model_data":79},"model":"modelengine:cyberbird_gold/l_leg"},{"predicate":{"custom_model_data":80},"model":"modelengine:cyberbird_gold/r_foot"},{"predicate":{"custom_model_data":81},"model":"modelengine:cyberbird_gold/r_leg"},{"predicate":{"custom_model_data":82},"model":"modelengine:cyberbird_gold/head"},{"predicate":{"custom_model_data":83},"model":"modelengine:cyberbird_gold/bird"},{"predicate":{"custom_model_data":84},"model":"modelengine:cyberbird_green/r_arm"},{"predicate":{"custom_model_data":85},"model":"modelengine:cyberbird_green/l_arm"},{"predicate":{"custom_model_data":86},"model":"modelengine:cyberbird_green/tail"},{"predicate":{"custom_model_data":87},"model":"modelengine:cyberbird_green/l_foot"},{"predicate":{"custom_model_data":88},"model":"modelengine:cyberbird_green/l_leg"},{"predicate":{"custom_model_data":89},"model":"modelengine:cyberbird_green/r_foot"},{"predicate":{"custom_model_data":90},"model":"modelengine:cyberbird_green/r_leg"},{"predicate":{"custom_model_data":91},"model":"modelengine:cyberbird_green/head"},{"predicate":{"custom_model_data":92},"model":"modelengine:cyberbird_green/bird"},{"predicate":{"custom_model_data":93},"model":"modelengine:cyberbird_pink/r_arm"},{"predicate":{"custom_model_data":94},"model":"modelengine:cyberbird_pink/l_arm"},{"predicate":{"custom_model_data":95},"model":"modelengine:cyberbird_pink/tail"},{"predicate":{"custom_model_data":96},"model":"modelengine:cyberbird_pink/l_foot"},{"predicate":{"custom_model_data":97},"model":"modelengine:cyberbird_pink/l_leg"},{"predicate":{"custom_model_data":98},"model":"modelengine:cyberbird_pink/r_foot"},{"predicate":{"custom_model_data":99},"model":"modelengine:cyberbird_pink/r_leg"},{"predicate":{"custom_model_data":100},"model":"modelengine:cyberbird_pink/head"},{"predicate":{"custom_model_data":101},"model":"modelengine:cyberbird_pink/bird"},{"predicate":{"custom_model_data":102},"model":"modelengine:cyberbird_purple/r_arm"},{"predicate":{"custom_model_data":103},"model":"modelengine:cyberbird_purple/l_arm"},{"predicate":{"custom_model_data":104},"model":"modelengine:cyberbird_purple/tail"},{"predicate":{"custom_model_data":105},"model":"modelengine:cyberbird_purple/l_foot"},{"predicate":{"custom_model_data":106},"model":"modelengine:cyberbird_purple/l_leg"},{"predicate":{"custom_model_data":107},"model":"modelengine:cyberbird_purple/r_foot"},{"predicate":{"custom_model_data":108},"model":"modelengine:cyberbird_purple/r_leg"},{"predicate":{"custom_model_data":109},"model":"modelengine:cyberbird_purple/head"},{"predicate":{"custom_model_data":110},"model":"modelengine:cyberbird_purple/bird"},{"predicate":{"custom_model_data":111},"model":"modelengine:cyberbird_red/r_arm"},{"predicate":{"custom_model_data":112},"model":"modelengine:cyberbird_red/l_arm"},{"predicate":{"custom_model_data":113},"model":"modelengine:cyberbird_red/tail"},{"predicate":{"custom_model_data":114},"model":"modelengine:cyberbird_red/l_foot"},{"predicate":{"custom_model_data":115},"model":"modelengine:cyberbird_red/l_leg"},{"predicate":{"custom_model_data":116},"model":"modelengine:cyberbird_red/r_foot"},{"predicate":{"custom_model_data":117},"model":"modelengine:cyberbird_red/r_leg"},{"predicate":{"custom_model_data":118},"model":"modelengine:cyberbird_red/head"},{"predicate":{"custom_model_data":119},"model":"modelengine:cyberbird_red/bird"},{"predicate":{"custom_model_data":120},"model":"modelengine:cybercat_blue/tail3"},{"predicate":{"custom_model_data":121},"model":"modelengine:cybercat_blue/tail2"},{"predicate":{"custom_model_data":122},"model":"modelengine:cybercat_blue/tail"},{"predicate":{"custom_model_data":123},"model":"modelengine:cybercat_blue/mouth_top"},{"predicate":{"custom_model_data":124},"model":"modelengine:cybercat_blue/mouth_bottom"},{"predicate":{"custom_model_data":125},"model":"modelengine:cybercat_blue/ear"},{"predicate":{"custom_model_data":126},"model":"modelengine:cybercat_blue/ear2"},{"predicate":{"custom_model_data":127},"model":"modelengine:cybercat_blue/head"},{"predicate":{"custom_model_data":128},"model":"modelengine:cybercat_blue/foot"},{"predicate":{"custom_model_data":129},"model":"modelengine:cybercat_blue/elbow"},{"predicate":{"custom_model_data":130},"model":"modelengine:cybercat_blue/l_arm"},{"predicate":{"custom_model_data":131},"model":"modelengine:cybercat_blue/foot3"},{"predicate":{"custom_model_data":132},"model":"modelengine:cybercat_blue/elbow2"},{"predicate":{"custom_model_data":133},"model":"modelengine:cybercat_blue/l_leg"},{"predicate":{"custom_model_data":134},"model":"modelengine:cybercat_blue/foot2"},{"predicate":{"custom_model_data":135},"model":"modelengine:cybercat_blue/elbow3"},{"predicate":{"custom_model_data":136},"model":"modelengine:cybercat_blue/r_arm"},{"predicate":{"custom_model_data":137},"model":"modelengine:cybercat_blue/foot4"},{"predicate":{"custom_model_data":138},"model":"modelengine:cybercat_blue/elbow4"},{"predicate":{"custom_model_data":139},"model":"modelengine:cybercat_blue/r_leg"},{"predicate":{"custom_model_data":140},"model":"modelengine:cybercat_blue/cat"},{"predicate":{"custom_model_data":141},"model":"modelengine:cybercat_gold/tail3"},{"predicate":{"custom_model_data":142},"model":"modelengine:cybercat_gold/tail2"},{"predicate":{"custom_model_data":143},"model":"modelengine:cybercat_gold/tail"},{"predicate":{"custom_model_data":144},"model":"modelengine:cybercat_gold/mouth_top"},{"predicate":{"custom_model_data":145},"model":"modelengine:cybercat_gold/mouth_bottom"},{"predicate":{"custom_model_data":146},"model":"modelengine:cybercat_gold/ear"},{"predicate":{"custom_model_data":147},"model":"modelengine:cybercat_gold/ear2"},{"predicate":{"custom_model_data":148},"model":"modelengine:cybercat_gold/head"},{"predicate":{"custom_model_data":149},"model":"modelengine:cybercat_gold/foot"},{"predicate":{"custom_model_data":150},"model":"modelengine:cybercat_gold/elbow"},{"predicate":{"custom_model_data":151},"model":"modelengine:cybercat_gold/l_arm"},{"predicate":{"custom_model_data":152},"model":"modelengine:cybercat_gold/foot3"},{"predicate":{"custom_model_data":153},"model":"modelengine:cybercat_gold/elbow2"},{"predicate":{"custom_model_data":154},"model":"modelengine:cybercat_gold/l_leg"},{"predicate":{"custom_model_data":155},"model":"modelengine:cybercat_gold/foot2"},{"predicate":{"custom_model_data":156},"model":"modelengine:cybercat_gold/elbow3"},{"predicate":{"custom_model_data":157},"model":"modelengine:cybercat_gold/r_arm"},{"predicate":{"custom_model_data":158},"model":"modelengine:cybercat_gold/foot4"},{"predicate":{"custom_model_data":159},"model":"modelengine:cybercat_gold/elbow4"},{"predicate":{"custom_model_data":160},"model":"modelengine:cybercat_gold/r_leg"},{"predicate":{"custom_model_data":161},"model":"modelengine:cybercat_gold/cat"},{"predicate":{"custom_model_data":162},"model":"modelengine:cybercat_green/tail3"},{"predicate":{"custom_model_data":163},"model":"modelengine:cybercat_green/tail2"},{"predicate":{"custom_model_data":164},"model":"modelengine:cybercat_green/tail"},{"predicate":{"custom_model_data":165},"model":"modelengine:cybercat_green/mouth_top"},{"predicate":{"custom_model_data":166},"model":"modelengine:cybercat_green/mouth_bottom"},{"predicate":{"custom_model_data":167},"model":"modelengine:cybercat_green/ear"},{"predicate":{"custom_model_data":168},"model":"modelengine:cybercat_green/ear2"},{"predicate":{"custom_model_data":169},"model":"modelengine:cybercat_green/head"},{"predicate":{"custom_model_data":170},"model":"modelengine:cybercat_green/foot"},{"predicate":{"custom_model_data":171},"model":"modelengine:cybercat_green/elbow"},{"predicate":{"custom_model_data":172},"model":"modelengine:cybercat_green/l_arm"},{"predicate":{"custom_model_data":173},"model":"modelengine:cybercat_green/foot3"},{"predicate":{"custom_model_data":174},"model":"modelengine:cybercat_green/elbow2"},{"predicate":{"custom_model_data":175},"model":"modelengine:cybercat_green/l_leg"},{"predicate":{"custom_model_data":176},"model":"modelengine:cybercat_green/foot2"},{"predicate":{"custom_model_data":177},"model":"modelengine:cybercat_green/elbow3"},{"predicate":{"custom_model_data":178},"model":"modelengine:cybercat_green/r_arm"},{"predicate":{"custom_model_data":179},"model":"modelengine:cybercat_green/foot4"},{"predicate":{"custom_model_data":180},"model":"modelengine:cybercat_green/elbow4"},{"predicate":{"custom_model_data":181},"model":"modelengine:cybercat_green/r_leg"},{"predicate":{"custom_model_data":182},"model":"modelengine:cybercat_green/cat"},{"predicate":{"custom_model_data":183},"model":"modelengine:cybercat_pink/tail3"},{"predicate":{"custom_model_data":184},"model":"modelengine:cybercat_pink/tail2"},{"predicate":{"custom_model_data":185},"model":"modelengine:cybercat_pink/tail"},{"predicate":{"custom_model_data":186},"model":"modelengine:cybercat_pink/mouth_top"},{"predicate":{"custom_model_data":187},"model":"modelengine:cybercat_pink/mouth_bottom"},{"predicate":{"custom_model_data":188},"model":"modelengine:cybercat_pink/ear"},{"predicate":{"custom_model_data":189},"model":"modelengine:cybercat_pink/ear2"},{"predicate":{"custom_model_data":190},"model":"modelengine:cybercat_pink/head"},{"predicate":{"custom_model_data":191},"model":"modelengine:cybercat_pink/foot"},{"predicate":{"custom_model_data":192},"model":"modelengine:cybercat_pink/elbow"},{"predicate":{"custom_model_data":193},"model":"modelengine:cybercat_pink/l_arm"},{"predicate":{"custom_model_data":194},"model":"modelengine:cybercat_pink/foot3"},{"predicate":{"custom_model_data":195},"model":"modelengine:cybercat_pink/elbow2"},{"predicate":{"custom_model_data":196},"model":"modelengine:cybercat_pink/l_leg"},{"predicate":{"custom_model_data":197},"model":"modelengine:cybercat_pink/foot2"},{"predicate":{"custom_model_data":198},"model":"modelengine:cybercat_pink/elbow3"},{"predicate":{"custom_model_data":199},"model":"modelengine:cybercat_pink/r_arm"},{"predicate":{"custom_model_data":200},"model":"modelengine:cybercat_pink/foot4"},{"predicate":{"custom_model_data":201},"model":"modelengine:cybercat_pink/elbow4"},{"predicate":{"custom_model_data":202},"model":"modelengine:cybercat_pink/r_leg"},{"predicate":{"custom_model_data":203},"model":"modelengine:cybercat_pink/cat"},{"predicate":{"custom_model_data":204},"model":"modelengine:cybercat_purple/tail3"},{"predicate":{"custom_model_data":205},"model":"modelengine:cybercat_purple/tail2"},{"predicate":{"custom_model_data":206},"model":"modelengine:cybercat_purple/tail"},{"predicate":{"custom_model_data":207},"model":"modelengine:cybercat_purple/mouth_top"},{"predicate":{"custom_model_data":208},"model":"modelengine:cybercat_purple/mouth_bottom"},{"predicate":{"custom_model_data":209},"model":"modelengine:cybercat_purple/ear"},{"predicate":{"custom_model_data":210},"model":"modelengine:cybercat_purple/ear2"},{"predicate":{"custom_model_data":211},"model":"modelengine:cybercat_purple/head"},{"predicate":{"custom_model_data":212},"model":"modelengine:cybercat_purple/foot"},{"predicate":{"custom_model_data":213},"model":"modelengine:cybercat_purple/elbow"},{"predicate":{"custom_model_data":214},"model":"modelengine:cybercat_purple/l_arm"},{"predicate":{"custom_model_data":215},"model":"modelengine:cybercat_purple/foot3"},{"predicate":{"custom_model_data":216},"model":"modelengine:cybercat_purple/elbow2"},{"predicate":{"custom_model_data":217},"model":"modelengine:cybercat_purple/l_leg"},{"predicate":{"custom_model_data":218},"model":"modelengine:cybercat_purple/foot2"},{"predicate":{"custom_model_data":219},"model":"modelengine:cybercat_purple/elbow3"},{"predicate":{"custom_model_data":220},"model":"modelengine:cybercat_purple/r_arm"},{"predicate":{"custom_model_data":221},"model":"modelengine:cybercat_purple/foot4"},{"predicate":{"custom_model_data":222},"model":"modelengine:cybercat_purple/elbow4"},{"predicate":{"custom_model_data":223},"model":"modelengine:cybercat_purple/r_leg"},{"predicate":{"custom_model_data":224},"model":"modelengine:cybercat_purple/cat"},{"predicate":{"custom_model_data":225},"model":"modelengine:cybercat_red/tail3"},{"predicate":{"custom_model_data":226},"model":"modelengine:cybercat_red/tail2"},{"predicate":{"custom_model_data":227},"model":"modelengine:cybercat_red/tail"},{"predicate":{"custom_model_data":228},"model":"modelengine:cybercat_red/mouth_top"},{"predicate":{"custom_model_data":229},"model":"modelengine:cybercat_red/mouth_bottom"},{"predicate":{"custom_model_data":230},"model":"modelengine:cybercat_red/ear"},{"predicate":{"custom_model_data":231},"model":"modelengine:cybercat_red/ear2"},{"predicate":{"custom_model_data":232},"model":"modelengine:cybercat_red/head"},{"predicate":{"custom_model_data":233},"model":"modelengine:cybercat_red/foot"},{"predicate":{"custom_model_data":234},"model":"modelengine:cybercat_red/elbow"},{"predicate":{"custom_model_data":235},"model":"modelengine:cybercat_red/l_arm"},{"predicate":{"custom_model_data":236},"model":"modelengine:cybercat_red/foot3"},{"predicate":{"custom_model_data":237},"model":"modelengine:cybercat_red/elbow2"},{"predicate":{"custom_model_data":238},"model":"modelengine:cybercat_red/l_leg"},{"predicate":{"custom_model_data":239},"model":"modelengine:cybercat_red/foot2"},{"predicate":{"custom_model_data":240},"model":"modelengine:cybercat_red/elbow3"},{"predicate":{"custom_model_data":241},"model":"modelengine:cybercat_red/r_arm"},{"predicate":{"custom_model_data":242},"model":"modelengine:cybercat_red/foot4"},{"predicate":{"custom_model_data":243},"model":"modelengine:cybercat_red/elbow4"},{"predicate":{"custom_model_data":244},"model":"modelengine:cybercat_red/r_leg"},{"predicate":{"custom_model_data":245},"model":"modelengine:cybercat_red/cat"},{"predicate":{"custom_model_data":246},"model":"modelengine:cyberdog_blue/foot"},{"predicate":{"custom_model_data":247},"model":"modelengine:cyberdog_blue/elbow"},{"predicate":{"custom_model_data":248},"model":"modelengine:cyberdog_blue/l_arm"},{"predicate":{"custom_model_data":249},"model":"modelengine:cyberdog_blue/foot2"},{"predicate":{"custom_model_data":250},"model":"modelengine:cyberdog_blue/elbow2"},{"predicate":{"custom_model_data":251},"model":"modelengine:cyberdog_blue/l_leg"},{"predicate":{"custom_model_data":252},"model":"modelengine:cyberdog_blue/foot4"},{"predicate":{"custom_model_data":253},"model":"modelengine:cyberdog_blue/elbow4"},{"predicate":{"custom_model_data":254},"model":"modelengine:cyberdog_blue/r_leg"},{"predicate":{"custom_model_data":255},"model":"modelengine:cyberdog_blue/foot3"},{"predicate":{"custom_model_data":256},"model":"modelengine:cyberdog_blue/elbow3"},{"predicate":{"custom_model_data":257},"model":"modelengine:cyberdog_blue/r_arm"},{"predicate":{"custom_model_data":258},"model":"modelengine:cyberdog_blue/tail2"},{"predicate":{"custom_model_data":259},"model":"modelengine:cyberdog_blue/tail"},{"predicate":{"custom_model_data":260},"model":"modelengine:cyberdog_blue/mouth_top"},{"predicate":{"custom_model_data":261},"model":"modelengine:cyberdog_blue/mouth_bottom"},{"predicate":{"custom_model_data":262},"model":"modelengine:cyberdog_blue/ear"},{"predicate":{"custom_model_data":263},"model":"modelengine:cyberdog_blue/ear2"},{"predicate":{"custom_model_data":264},"model":"modelengine:cyberdog_blue/head"},{"predicate":{"custom_model_data":265},"model":"modelengine:cyberdog_blue/body"},{"predicate":{"custom_model_data":266},"model":"modelengine:cyberdog_gold/foot"},{"predicate":{"custom_model_data":267},"model":"modelengine:cyberdog_gold/elbow"},{"predicate":{"custom_model_data":268},"model":"modelengine:cyberdog_gold/l_arm"},{"predicate":{"custom_model_data":269},"model":"modelengine:cyberdog_gold/foot2"},{"predicate":{"custom_model_data":270},"model":"modelengine:cyberdog_gold/elbow2"},{"predicate":{"custom_model_data":271},"model":"modelengine:cyberdog_gold/l_leg"},{"predicate":{"custom_model_data":272},"model":"modelengine:cyberdog_gold/foot4"},{"predicate":{"custom_model_data":273},"model":"modelengine:cyberdog_gold/elbow4"},{"predicate":{"custom_model_data":274},"model":"modelengine:cyberdog_gold/r_leg"},{"predicate":{"custom_model_data":275},"model":"modelengine:cyberdog_gold/foot3"},{"predicate":{"custom_model_data":276},"model":"modelengine:cyberdog_gold/elbow3"},{"predicate":{"custom_model_data":277},"model":"modelengine:cyberdog_gold/r_arm"},{"predicate":{"custom_model_data":278},"model":"modelengine:cyberdog_gold/tail2"},{"predicate":{"custom_model_data":279},"model":"modelengine:cyberdog_gold/tail"},{"predicate":{"custom_model_data":280},"model":"modelengine:cyberdog_gold/mouth_top"},{"predicate":{"custom_model_data":281},"model":"modelengine:cyberdog_gold/mouth_bottom"},{"predicate":{"custom_model_data":282},"model":"modelengine:cyberdog_gold/ear"},{"predicate":{"custom_model_data":283},"model":"modelengine:cyberdog_gold/ear2"},{"predicate":{"custom_model_data":284},"model":"modelengine:cyberdog_gold/head"},{"predicate":{"custom_model_data":285},"model":"modelengine:cyberdog_gold/body"},{"predicate":{"custom_model_data":286},"model":"modelengine:cyberdog_green/foot"},{"predicate":{"custom_model_data":287},"model":"modelengine:cyberdog_green/elbow"},{"predicate":{"custom_model_data":288},"model":"modelengine:cyberdog_green/l_arm"},{"predicate":{"custom_model_data":289},"model":"modelengine:cyberdog_green/foot2"},{"predicate":{"custom_model_data":290},"model":"modelengine:cyberdog_green/elbow2"},{"predicate":{"custom_model_data":291},"model":"modelengine:cyberdog_green/l_leg"},{"predicate":{"custom_model_data":292},"model":"modelengine:cyberdog_green/foot4"},{"predicate":{"custom_model_data":293},"model":"modelengine:cyberdog_green/elbow4"},{"predicate":{"custom_model_data":294},"model":"modelengine:cyberdog_green/r_leg"},{"predicate":{"custom_model_data":295},"model":"modelengine:cyberdog_green/foot3"},{"predicate":{"custom_model_data":296},"model":"modelengine:cyberdog_green/elbow3"},{"predicate":{"custom_model_data":297},"model":"modelengine:cyberdog_green/r_arm"},{"predicate":{"custom_model_data":298},"model":"modelengine:cyberdog_green/tail2"},{"predicate":{"custom_model_data":299},"model":"modelengine:cyberdog_green/tail"},{"predicate":{"custom_model_data":300},"model":"modelengine:cyberdog_green/mouth_top"},{"predicate":{"custom_model_data":301},"model":"modelengine:cyberdog_green/mouth_bottom"},{"predicate":{"custom_model_data":302},"model":"modelengine:cyberdog_green/ear"},{"predicate":{"custom_model_data":303},"model":"modelengine:cyberdog_green/ear2"},{"predicate":{"custom_model_data":304},"model":"modelengine:cyberdog_green/head"},{"predicate":{"custom_model_data":305},"model":"modelengine:cyberdog_green/body"},{"predicate":{"custom_model_data":306},"model":"modelengine:cyberdog_pink/foot"},{"predicate":{"custom_model_data":307},"model":"modelengine:cyberdog_pink/elbow"},{"predicate":{"custom_model_data":308},"model":"modelengine:cyberdog_pink/l_arm"},{"predicate":{"custom_model_data":309},"model":"modelengine:cyberdog_pink/foot2"},{"predicate":{"custom_model_data":310},"model":"modelengine:cyberdog_pink/elbow2"},{"predicate":{"custom_model_data":311},"model":"modelengine:cyberdog_pink/l_leg"},{"predicate":{"custom_model_data":312},"model":"modelengine:cyberdog_pink/foot4"},{"predicate":{"custom_model_data":313},"model":"modelengine:cyberdog_pink/elbow4"},{"predicate":{"custom_model_data":314},"model":"modelengine:cyberdog_pink/r_leg"},{"predicate":{"custom_model_data":315},"model":"modelengine:cyberdog_pink/foot3"},{"predicate":{"custom_model_data":316},"model":"modelengine:cyberdog_pink/elbow3"},{"predicate":{"custom_model_data":317},"model":"modelengine:cyberdog_pink/r_arm"},{"predicate":{"custom_model_data":318},"model":"modelengine:cyberdog_pink/tail2"},{"predicate":{"custom_model_data":319},"model":"modelengine:cyberdog_pink/tail"},{"predicate":{"custom_model_data":320},"model":"modelengine:cyberdog_pink/mouth_top"},{"predicate":{"custom_model_data":321},"model":"modelengine:cyberdog_pink/mouth_bottom"},{"predicate":{"custom_model_data":322},"model":"modelengine:cyberdog_pink/ear"},{"predicate":{"custom_model_data":323},"model":"modelengine:cyberdog_pink/ear2"},{"predicate":{"custom_model_data":324},"model":"modelengine:cyberdog_pink/head"},{"predicate":{"custom_model_data":325},"model":"modelengine:cyberdog_pink/body"},{"predicate":{"custom_model_data":326},"model":"modelengine:cyberdog_purple/foot"},{"predicate":{"custom_model_data":327},"model":"modelengine:cyberdog_purple/elbow"},{"predicate":{"custom_model_data":328},"model":"modelengine:cyberdog_purple/l_arm"},{"predicate":{"custom_model_data":329},"model":"modelengine:cyberdog_purple/foot2"},{"predicate":{"custom_model_data":330},"model":"modelengine:cyberdog_purple/elbow2"},{"predicate":{"custom_model_data":331},"model":"modelengine:cyberdog_purple/l_leg"},{"predicate":{"custom_model_data":332},"model":"modelengine:cyberdog_purple/foot4"},{"predicate":{"custom_model_data":333},"model":"modelengine:cyberdog_purple/elbow4"},{"predicate":{"custom_model_data":334},"model":"modelengine:cyberdog_purple/r_leg"},{"predicate":{"custom_model_data":335},"model":"modelengine:cyberdog_purple/foot3"},{"predicate":{"custom_model_data":336},"model":"modelengine:cyberdog_purple/elbow3"},{"predicate":{"custom_model_data":337},"model":"modelengine:cyberdog_purple/r_arm"},{"predicate":{"custom_model_data":338},"model":"modelengine:cyberdog_purple/tail2"},{"predicate":{"custom_model_data":339},"model":"modelengine:cyberdog_purple/tail"},{"predicate":{"custom_model_data":340},"model":"modelengine:cyberdog_purple/mouth_top"},{"predicate":{"custom_model_data":341},"model":"modelengine:cyberdog_purple/mouth_bottom"},{"predicate":{"custom_model_data":342},"model":"modelengine:cyberdog_purple/ear"},{"predicate":{"custom_model_data":343},"model":"modelengine:cyberdog_purple/ear2"},{"predicate":{"custom_model_data":344},"model":"modelengine:cyberdog_purple/head"},{"predicate":{"custom_model_data":345},"model":"modelengine:cyberdog_purple/body"},{"predicate":{"custom_model_data":346},"model":"modelengine:cyberdog_red/foot"},{"predicate":{"custom_model_data":347},"model":"modelengine:cyberdog_red/elbow"},{"predicate":{"custom_model_data":348},"model":"modelengine:cyberdog_red/l_arm"},{"predicate":{"custom_model_data":349},"model":"modelengine:cyberdog_red/foot2"},{"predicate":{"custom_model_data":350},"model":"modelengine:cyberdog_red/elbow2"},{"predicate":{"custom_model_data":351},"model":"modelengine:cyberdog_red/l_leg"},{"predicate":{"custom_model_data":352},"model":"modelengine:cyberdog_red/foot4"},{"predicate":{"custom_model_data":353},"model":"modelengine:cyberdog_red/elbow4"},{"predicate":{"custom_model_data":354},"model":"modelengine:cyberdog_red/r_leg"},{"predicate":{"custom_model_data":355},"model":"modelengine:cyberdog_red/foot3"},{"predicate":{"custom_model_data":356},"model":"modelengine:cyberdog_red/elbow3"},{"predicate":{"custom_model_data":357},"model":"modelengine:cyberdog_red/r_arm"},{"predicate":{"custom_model_data":358},"model":"modelengine:cyberdog_red/tail2"},{"predicate":{"custom_model_data":359},"model":"modelengine:cyberdog_red/tail"},{"predicate":{"custom_model_data":360},"model":"modelengine:cyberdog_red/mouth_top"},{"predicate":{"custom_model_data":361},"model":"modelengine:cyberdog_red/mouth_bottom"},{"predicate":{"custom_model_data":362},"model":"modelengine:cyberdog_red/ear"},{"predicate":{"custom_model_data":363},"model":"modelengine:cyberdog_red/ear2"},{"predicate":{"custom_model_data":364},"model":"modelengine:cyberdog_red/head"},{"predicate":{"custom_model_data":365},"model":"modelengine:cyberdog_red/body"},{"predicate":{"custom_model_data":366},"model":"modelengine:cyberknight_blue/feather"},{"predicate":{"custom_model_data":367},"model":"modelengine:cyberknight_blue/head"},{"predicate":{"custom_model_data":368},"model":"modelengine:cyberknight_blue/l_arm"},{"predicate":{"custom_model_data":369},"model":"modelengine:cyberknight_blue/r_arm"},{"predicate":{"custom_model_data":370},"model":"modelengine:cyberknight_blue/l_leg"},{"predicate":{"custom_model_data":371},"model":"modelengine:cyberknight_blue/r_leg"},{"predicate":{"custom_model_data":372},"model":"modelengine:cyberknight_blue/body"},{"predicate":{"custom_model_data":373},"model":"modelengine:cyberknight_gold/feather"},{"predicate":{"custom_model_data":374},"model":"modelengine:cyberknight_gold/head"},{"predicate":{"custom_model_data":375},"model":"modelengine:cyberknight_gold/l_arm"},{"predicate":{"custom_model_data":376},"model":"modelengine:cyberknight_gold/r_arm"},{"predicate":{"custom_model_data":377},"model":"modelengine:cyberknight_gold/l_leg"},{"predicate":{"custom_model_data":378},"model":"modelengine:cyberknight_gold/r_leg"},{"predicate":{"custom_model_data":379},"model":"modelengine:cyberknight_gold/body"},{"predicate":{"custom_model_data":380},"model":"modelengine:cyberknight_green/feather"},{"predicate":{"custom_model_data":381},"model":"modelengine:cyberknight_green/head"},{"predicate":{"custom_model_data":382},"model":"modelengine:cyberknight_green/l_arm"},{"predicate":{"custom_model_data":383},"model":"modelengine:cyberknight_green/r_arm"},{"predicate":{"custom_model_data":384},"model":"modelengine:cyberknight_green/l_leg"},{"predicate":{"custom_model_data":385},"model":"modelengine:cyberknight_green/r_leg"},{"predicate":{"custom_model_data":386},"model":"modelengine:cyberknight_green/body"},{"predicate":{"custom_model_data":387},"model":"modelengine:cyberknight_pink/feather"},{"predicate":{"custom_model_data":388},"model":"modelengine:cyberknight_pink/head"},{"predicate":{"custom_model_data":389},"model":"modelengine:cyberknight_pink/l_arm"},{"predicate":{"custom_model_data":390},"model":"modelengine:cyberknight_pink/r_arm"},{"predicate":{"custom_model_data":391},"model":"modelengine:cyberknight_pink/l_leg"},{"predicate":{"custom_model_data":392},"model":"modelengine:cyberknight_pink/r_leg"},{"predicate":{"custom_model_data":393},"model":"modelengine:cyberknight_pink/body"},{"predicate":{"custom_model_data":394},"model":"modelengine:cyberknight_purple/feather"},{"predicate":{"custom_model_data":395},"model":"modelengine:cyberknight_purple/head"},{"predicate":{"custom_model_data":396},"model":"modelengine:cyberknight_purple/l_arm"},{"predicate":{"custom_model_data":397},"model":"modelengine:cyberknight_purple/r_arm"},{"predicate":{"custom_model_data":398},"model":"modelengine:cyberknight_purple/l_leg"},{"predicate":{"custom_model_data":399},"model":"modelengine:cyberknight_purple/r_leg"},{"predicate":{"custom_model_data":400},"model":"modelengine:cyberknight_purple/body"},{"predicate":{"custom_model_data":401},"model":"modelengine:cyberknight_red/feather"},{"predicate":{"custom_model_data":402},"model":"modelengine:cyberknight_red/head"},{"predicate":{"custom_model_data":403},"model":"modelengine:cyberknight_red/l_arm"},{"predicate":{"custom_model_data":404},"model":"modelengine:cyberknight_red/r_arm"},{"predicate":{"custom_model_data":405},"model":"modelengine:cyberknight_red/l_leg"},{"predicate":{"custom_model_data":406},"model":"modelengine:cyberknight_red/r_leg"},{"predicate":{"custom_model_data":407},"model":"modelengine:cyberknight_red/body"},{"predicate":{"custom_model_data":408},"model":"modelengine:lich_king/jaw"},{"predicate":{"custom_model_data":409},"model":"modelengine:lich_king/head"},{"predicate":{"custom_model_data":410},"model":"modelengine:lich_king/scythe"},{"predicate":{"custom_model_data":411},"model":"modelengine:lich_king/right_hand"},{"predicate":{"custom_model_data":412},"model":"modelengine:lich_king/right_wrist"},{"predicate":{"custom_model_data":413},"model":"modelengine:lich_king/right_string_end"},{"predicate":{"custom_model_data":414},"model":"modelengine:lich_king/right_string"},{"predicate":{"custom_model_data":415},"model":"modelengine:lich_king/right_arm"},{"predicate":{"custom_model_data":416},"model":"modelengine:lich_king/left_hand"},{"predicate":{"custom_model_data":417},"model":"modelengine:lich_king/left_wrist"},{"predicate":{"custom_model_data":418},"model":"modelengine:lich_king/left_string_end"},{"predicate":{"custom_model_data":419},"model":"modelengine:lich_king/left_string"},{"predicate":{"custom_model_data":420},"model":"modelengine:lich_king/left_arm"},{"predicate":{"custom_model_data":421},"model":"modelengine:lich_king/chest"},{"predicate":{"custom_model_data":422},"model":"modelengine:lich_king/front_cape_end"},{"predicate":{"custom_model_data":423},"model":"modelengine:lich_king/front_cape"},{"predicate":{"custom_model_data":424},"model":"modelengine:lich_king/back_cape_end"},{"predicate":{"custom_model_data":425},"model":"modelengine:lich_king/back_cape"},{"predicate":{"custom_model_data":426},"model":"modelengine:lich_king/left_cape_end"},{"predicate":{"custom_model_data":427},"model":"modelengine:lich_king/left_cape"},{"predicate":{"custom_model_data":428},"model":"modelengine:lich_king/right_cape_end"},{"predicate":{"custom_model_data":429},"model":"modelengine:lich_king/right_cape"},{"predicate":{"custom_model_data":430},"model":"modelengine:lich_king/upper_body"},{"predicate":{"custom_model_data":431},"model":"modelengine:lich_king_scythe/scythe"},{"predicate":{"custom_model_data":432},"model":"modelengine:lr_acolyte/right_forearm"},{"predicate":{"custom_model_data":433},"model":"modelengine:lr_acolyte/right_arm"},{"predicate":{"custom_model_data":434},"model":"modelengine:lr_acolyte/incense"},{"predicate":{"custom_model_data":435},"model":"modelengine:lr_acolyte/left_forearm"},{"predicate":{"custom_model_data":436},"model":"modelengine:lr_acolyte/left_arm"},{"predicate":{"custom_model_data":437},"model":"modelengine:lr_acolyte/head"},{"predicate":{"custom_model_data":438},"model":"modelengine:lr_acolyte/front_tabard2"},{"predicate":{"custom_model_data":439},"model":"modelengine:lr_acolyte/front_tabard1"},{"predicate":{"custom_model_data":440},"model":"modelengine:lr_acolyte/right_tabard"},{"predicate":{"custom_model_data":441},"model":"modelengine:lr_acolyte/right_foot"},{"predicate":{"custom_model_data":442},"model":"modelengine:lr_acolyte/right_leg"},{"predicate":{"custom_model_data":443},"model":"modelengine:lr_acolyte/left_foot"},{"predicate":{"custom_model_data":444},"model":"modelengine:lr_acolyte/left_leg"},{"predicate":{"custom_model_data":445},"model":"modelengine:lr_acolyte/torso"},{"predicate":{"custom_model_data":446},"model":"modelengine:lr_assassin/left_foot"},{"predicate":{"custom_model_data":447},"model":"modelengine:lr_assassin/left_leg"},{"predicate":{"custom_model_data":448},"model":"modelengine:lr_assassin/right_foot"},{"predicate":{"custom_model_data":449},"model":"modelengine:lr_assassin/right_leg"},{"predicate":{"custom_model_data":450},"model":"modelengine:lr_assassin/left_hand"},{"predicate":{"custom_model_data":451},"model":"modelengine:lr_assassin/left_arm"},{"predicate":{"custom_model_data":452},"model":"modelengine:lr_assassin/right_hand"},{"predicate":{"custom_model_data":453},"model":"modelengine:lr_assassin/right_arm"},{"predicate":{"custom_model_data":454},"model":"modelengine:lr_assassin/braid2"},{"predicate":{"custom_model_data":455},"model":"modelengine:lr_assassin/braid1"},{"predicate":{"custom_model_data":456},"model":"modelengine:lr_assassin/head"},{"predicate":{"custom_model_data":457},"model":"modelengine:lr_assassin/cape3"},{"predicate":{"custom_model_data":458},"model":"modelengine:lr_assassin/cape2"},{"predicate":{"custom_model_data":459},"model":"modelengine:lr_assassin/cape1"},{"predicate":{"custom_model_data":460},"model":"modelengine:lr_assassin/torso"},{"predicate":{"custom_model_data":461},"model":"modelengine:lr_fortuneteller/head"},{"predicate":{"custom_model_data":462},"model":"modelengine:lr_fortuneteller/left_foot"},{"predicate":{"custom_model_data":463},"model":"modelengine:lr_fortuneteller/left_leg"},{"predicate":{"custom_model_data":464},"model":"modelengine:lr_fortuneteller/right_foot"},{"predicate":{"custom_model_data":465},"model":"modelengine:lr_fortuneteller/right_leg"},{"predicate":{"custom_model_data":466},"model":"modelengine:lr_fortuneteller/left_forearm"},{"predicate":{"custom_model_data":467},"model":"modelengine:lr_fortuneteller/left_arm"},{"predicate":{"custom_model_data":468},"model":"modelengine:lr_fortuneteller/right_forearm"},{"predicate":{"custom_model_data":469},"model":"modelengine:lr_fortuneteller/right_arm"},{"predicate":{"custom_model_data":470},"model":"modelengine:lr_fortuneteller/torso"},{"predicate":{"custom_model_data":471},"model":"modelengine:lr_fortuneteller/tassle1"},{"predicate":{"custom_model_data":472},"model":"modelengine:lr_fortuneteller/tassle2"},{"predicate":{"custom_model_data":473},"model":"modelengine:lr_fortuneteller/tassle3"},{"predicate":{"custom_model_data":474},"model":"modelengine:lr_fortuneteller/tassle4"},{"predicate":{"custom_model_data":475},"model":"modelengine:lr_fortuneteller/cushion"},{"predicate":{"custom_model_data":476},"model":"modelengine:lr_fortuneteller_ball/base"},{"predicate":{"custom_model_data":477},"model":"modelengine:lr_healthbar/1"},{"predicate":{"custom_model_data":478},"model":"modelengine:lr_healthbar/2"},{"predicate":{"custom_model_data":479},"model":"modelengine:lr_healthbar/3"},{"predicate":{"custom_model_data":480},"model":"modelengine:lr_healthbar/4"},{"predicate":{"custom_model_data":481},"model":"modelengine:lr_healthbar/5"},{"predicate":{"custom_model_data":482},"model":"modelengine:lr_healthbar/6"},{"predicate":{"custom_model_data":483},"model":"modelengine:lr_healthbar/7"},{"predicate":{"custom_model_data":484},"model":"modelengine:lr_healthbar/8"},{"predicate":{"custom_model_data":485},"model":"modelengine:lr_healthbar/9"},{"predicate":{"custom_model_data":486},"model":"modelengine:lr_healthbar/10"},{"predicate":{"custom_model_data":487},"model":"modelengine:lr_healthbar/11"},{"predicate":{"custom_model_data":488},"model":"modelengine:lr_healthbar/12"},{"predicate":{"custom_model_data":489},"model":"modelengine:lr_healthbar/13"},{"predicate":{"custom_model_data":490},"model":"modelengine:lr_healthbar/14"},{"predicate":{"custom_model_data":491},"model":"modelengine:lr_healthbar/15"},{"predicate":{"custom_model_data":492},"model":"modelengine:lr_healthbar/16"},{"predicate":{"custom_model_data":493},"model":"modelengine:lr_healthbar/17"},{"predicate":{"custom_model_data":494},"model":"modelengine:lr_healthbar/18"},{"predicate":{"custom_model_data":495},"model":"modelengine:lr_healthbar/19"},{"predicate":{"custom_model_data":496},"model":"modelengine:lr_healthbar/20"},{"predicate":{"custom_model_data":497},"model":"modelengine:lr_paladin/tabard_front"},{"predicate":{"custom_model_data":498},"model":"modelengine:lr_paladin/left_foot"},{"predicate":{"custom_model_data":499},"model":"modelengine:lr_paladin/left_leg"},{"predicate":{"custom_model_data":500},"model":"modelengine:lr_paladin/head"},{"predicate":{"custom_model_data":501},"model":"modelengine:lr_paladin/right_pauldron"},{"predicate":{"custom_model_data":502},"model":"modelengine:lr_paladin/hammer"},{"predicate":{"custom_model_data":503},"model":"modelengine:lr_paladin/right_hand"},{"predicate":{"custom_model_data":504},"model":"modelengine:lr_paladin/right_arm"},{"predicate":{"custom_model_data":505},"model":"modelengine:lr_paladin/cape3"},{"predicate":{"custom_model_data":506},"model":"modelengine:lr_paladin/cape2"},{"predicate":{"custom_model_data":507},"model":"modelengine:lr_paladin/cape1"},{"predicate":{"custom_model_data":508},"model":"modelengine:lr_paladin/shield"},{"predicate":{"custom_model_data":509},"model":"modelengine:lr_paladin/left_hand"},{"predicate":{"custom_model_data":510},"model":"modelengine:lr_paladin/left_arm"},{"predicate":{"custom_model_data":511},"model":"modelengine:lr_paladin/left_pauldron"},{"predicate":{"custom_model_data":512},"model":"modelengine:lr_paladin/right_foot"},{"predicate":{"custom_model_data":513},"model":"modelengine:lr_paladin/right_leg"},{"predicate":{"custom_model_data":514},"model":"modelengine:lr_paladin/torso"},{"predicate":{"custom_model_data":515},"model":"modelengine:lr_tinkerer/backpack"},{"predicate":{"custom_model_data":516},"model":"modelengine:lr_tinkerer/left_hand"},{"predicate":{"custom_model_data":517},"model":"modelengine:lr_tinkerer/left_arm"},{"predicate":{"custom_model_data":518},"model":"modelengine:lr_tinkerer/right_hand"},{"predicate":{"custom_model_data":519},"model":"modelengine:lr_tinkerer/right_arm"},{"predicate":{"custom_model_data":520},"model":"modelengine:lr_tinkerer/left_foot"},{"predicate":{"custom_model_data":521},"model":"modelengine:lr_tinkerer/left_leg"},{"predicate":{"custom_model_data":522},"model":"modelengine:lr_tinkerer/right_foot"},{"predicate":{"custom_model_data":523},"model":"modelengine:lr_tinkerer/right_leg"},{"predicate":{"custom_model_data":524},"model":"modelengine:lr_tinkerer/head"},{"predicate":{"custom_model_data":525},"model":"modelengine:lr_tinkerer/torso"},{"predicate":{"custom_model_data":526},"model":"modelengine:lr_tinkerer_robot/head"},{"predicate":{"custom_model_data":527},"model":"modelengine:lr_tinkerer_robot/leg1_2"},{"predicate":{"custom_model_data":528},"model":"modelengine:lr_tinkerer_robot/leg1_1"},{"predicate":{"custom_model_data":529},"model":"modelengine:lr_tinkerer_robot/leg1_4"},{"predicate":{"custom_model_data":530},"model":"modelengine:lr_tinkerer_robot/leg1_3"},{"predicate":{"custom_model_data":531},"model":"modelengine:lr_tinkerer_robot/leg1_6"},{"predicate":{"custom_model_data":532},"model":"modelengine:lr_tinkerer_robot/leg1_5"},{"predicate":{"custom_model_data":533},"model":"modelengine:lr_tinkerer_robot/leg1_8"},{"predicate":{"custom_model_data":534},"model":"modelengine:lr_tinkerer_robot/leg1_7"},{"predicate":{"custom_model_data":535},"model":"modelengine:lr_tinkerertable/base"},{"predicate":{"custom_model_data":536},"model":"modelengine:minotaur_crate/lockring_left"},{"predicate":{"custom_model_data":537},"model":"modelengine:minotaur_crate/lockring_right"},{"predicate":{"custom_model_data":538},"model":"modelengine:minotaur_crate/lid"},{"predicate":{"custom_model_data":539},"model":"modelengine:minotaur_crate/lightbeam"},{"predicate":{"custom_model_data":540},"model":"modelengine:minotaur_crate/item"},{"predicate":{"custom_model_data":541},"model":"modelengine:minotaur_crate/body"},{"predicate":{"custom_model_data":542},"model":"modelengine:nocsy_cat1/tail_end"},{"predicate":{"custom_model_data":543},"model":"modelengine:nocsy_cat1/tail_half"},{"predicate":{"custom_model_data":544},"model":"modelengine:nocsy_cat1/tail"},{"predicate":{"custom_model_data":545},"model":"modelengine:nocsy_cat1/ears"},{"predicate":{"custom_model_data":546},"model":"modelengine:nocsy_cat1/head"},{"predicate":{"custom_model_data":547},"model":"modelengine:nocsy_cat1/ears2"},{"predicate":{"custom_model_data":548},"model":"modelengine:nocsy_cat1/head_eyes_closed"},{"predicate":{"custom_model_data":549},"model":"modelengine:nocsy_cat1/front_foot_left"},{"predicate":{"custom_model_data":550},"model":"modelengine:nocsy_cat1/front_leg_left"},{"predicate":{"custom_model_data":551},"model":"modelengine:nocsy_cat1/front_foot_right"},{"predicate":{"custom_model_data":552},"model":"modelengine:nocsy_cat1/front_leg_right"},{"predicate":{"custom_model_data":553},"model":"modelengine:nocsy_cat1/back_foot_left"},{"predicate":{"custom_model_data":554},"model":"modelengine:nocsy_cat1/back_leg_left"},{"predicate":{"custom_model_data":555},"model":"modelengine:nocsy_cat1/back_foot_right"},{"predicate":{"custom_model_data":556},"model":"modelengine:nocsy_cat1/back_leg_right"},{"predicate":{"custom_model_data":557},"model":"modelengine:nocsy_cat1/body"},{"predicate":{"custom_model_data":558},"model":"modelengine:nocsy_cat2/tail_end"},{"predicate":{"custom_model_data":559},"model":"modelengine:nocsy_cat2/tail_half"},{"predicate":{"custom_model_data":560},"model":"modelengine:nocsy_cat2/tail"},{"predicate":{"custom_model_data":561},"model":"modelengine:nocsy_cat2/ears"},{"predicate":{"custom_model_data":562},"model":"modelengine:nocsy_cat2/head"},{"predicate":{"custom_model_data":563},"model":"modelengine:nocsy_cat2/ears2"},{"predicate":{"custom_model_data":564},"model":"modelengine:nocsy_cat2/head_eyes_closed"},{"predicate":{"custom_model_data":565},"model":"modelengine:nocsy_cat2/front_foot_left"},{"predicate":{"custom_model_data":566},"model":"modelengine:nocsy_cat2/front_leg_left"},{"predicate":{"custom_model_data":567},"model":"modelengine:nocsy_cat2/front_foot_right"},{"predicate":{"custom_model_data":568},"model":"modelengine:nocsy_cat2/front_leg_right"},{"predicate":{"custom_model_data":569},"model":"modelengine:nocsy_cat2/back_foot_right"},{"predicate":{"custom_model_data":570},"model":"modelengine:nocsy_cat2/back_leg_right"},{"predicate":{"custom_model_data":571},"model":"modelengine:nocsy_cat2/back_foot_left"},{"predicate":{"custom_model_data":572},"model":"modelengine:nocsy_cat2/back_leg_left"},{"predicate":{"custom_model_data":573},"model":"modelengine:nocsy_cat2/body"},{"predicate":{"custom_model_data":574},"model":"modelengine:nocsy_cat3/tail_end"},{"predicate":{"custom_model_data":575},"model":"modelengine:nocsy_cat3/tail_half"},{"predicate":{"custom_model_data":576},"model":"modelengine:nocsy_cat3/tail"},{"predicate":{"custom_model_data":577},"model":"modelengine:nocsy_cat3/ears"},{"predicate":{"custom_model_data":578},"model":"modelengine:nocsy_cat3/head"},{"predicate":{"custom_model_data":579},"model":"modelengine:nocsy_cat3/ears2"},{"predicate":{"custom_model_data":580},"model":"modelengine:nocsy_cat3/head_eyes_closed"},{"predicate":{"custom_model_data":581},"model":"modelengine:nocsy_cat3/front_foot_left"},{"predicate":{"custom_model_data":582},"model":"modelengine:nocsy_cat3/front_leg_left"},{"predicate":{"custom_model_data":583},"model":"modelengine:nocsy_cat3/front_foot_right"},{"predicate":{"custom_model_data":584},"model":"modelengine:nocsy_cat3/front_leg_right"},{"predicate":{"custom_model_data":585},"model":"modelengine:nocsy_cat3/back_foot_left"},{"predicate":{"custom_model_data":586},"model":"modelengine:nocsy_cat3/back_leg_left"},{"predicate":{"custom_model_data":587},"model":"modelengine:nocsy_cat3/back_foot_right"},{"predicate":{"custom_model_data":588},"model":"modelengine:nocsy_cat3/back_leg_right"},{"predicate":{"custom_model_data":589},"model":"modelengine:nocsy_cat3/body"},{"predicate":{"custom_model_data":590},"model":"modelengine:nocsy_cat4/tail_end"},{"predicate":{"custom_model_data":591},"model":"modelengine:nocsy_cat4/tail_half"},{"predicate":{"custom_model_data":592},"model":"modelengine:nocsy_cat4/tail"},{"predicate":{"custom_model_data":593},"model":"modelengine:nocsy_cat4/ear_left"},{"predicate":{"custom_model_data":594},"model":"modelengine:nocsy_cat4/ear_right"},{"predicate":{"custom_model_data":595},"model":"modelengine:nocsy_cat4/head"},{"predicate":{"custom_model_data":596},"model":"modelengine:nocsy_cat4/ear_left2"},{"predicate":{"custom_model_data":597},"model":"modelengine:nocsy_cat4/ear_right2"},{"predicate":{"custom_model_data":598},"model":"modelengine:nocsy_cat4/head_eyes_closed"},{"predicate":{"custom_model_data":599},"model":"modelengine:nocsy_cat4/front_foot_left"},{"predicate":{"custom_model_data":600},"model":"modelengine:nocsy_cat4/front_leg_left"},{"predicate":{"custom_model_data":601},"model":"modelengine:nocsy_cat4/front_foot_right"},{"predicate":{"custom_model_data":602},"model":"modelengine:nocsy_cat4/front_leg_right"},{"predicate":{"custom_model_data":603},"model":"modelengine:nocsy_cat4/back_foot_right"},{"predicate":{"custom_model_data":604},"model":"modelengine:nocsy_cat4/back_leg_right"},{"predicate":{"custom_model_data":605},"model":"modelengine:nocsy_cat4/back_foot_left"},{"predicate":{"custom_model_data":606},"model":"modelengine:nocsy_cat4/back_leg_left"},{"predicate":{"custom_model_data":607},"model":"modelengine:nocsy_cat4/body"},{"predicate":{"custom_model_data":608},"model":"modelengine:nocsy_cat5/tail_end"},{"predicate":{"custom_model_data":609},"model":"modelengine:nocsy_cat5/tail_half"},{"predicate":{"custom_model_data":610},"model":"modelengine:nocsy_cat5/tail"},{"predicate":{"custom_model_data":611},"model":"modelengine:nocsy_cat5/ears"},{"predicate":{"custom_model_data":612},"model":"modelengine:nocsy_cat5/head"},{"predicate":{"custom_model_data":613},"model":"modelengine:nocsy_cat5/ears2"},{"predicate":{"custom_model_data":614},"model":"modelengine:nocsy_cat5/head_eyes_closed"},{"predicate":{"custom_model_data":615},"model":"modelengine:nocsy_cat5/front_foot_left"},{"predicate":{"custom_model_data":616},"model":"modelengine:nocsy_cat5/front_leg_left"},{"predicate":{"custom_model_data":617},"model":"modelengine:nocsy_cat5/front_foot_right"},{"predicate":{"custom_model_data":618},"model":"modelengine:nocsy_cat5/front_leg_right"},{"predicate":{"custom_model_data":619},"model":"modelengine:nocsy_cat5/back_foot_left"},{"predicate":{"custom_model_data":620},"model":"modelengine:nocsy_cat5/back_leg_left"},{"predicate":{"custom_model_data":621},"model":"modelengine:nocsy_cat5/back_foot_right"},{"predicate":{"custom_model_data":622},"model":"modelengine:nocsy_cat5/back_leg_right"},{"predicate":{"custom_model_data":623},"model":"modelengine:nocsy_cat5/body"},{"predicate":{"custom_model_data":624},"model":"modelengine:nocsy_cat6/tail_end"},{"predicate":{"custom_model_data":625},"model":"modelengine:nocsy_cat6/tail_half"},{"predicate":{"custom_model_data":626},"model":"modelengine:nocsy_cat6/tail"},{"predicate":{"custom_model_data":627},"model":"modelengine:nocsy_cat6/ears"},{"predicate":{"custom_model_data":628},"model":"modelengine:nocsy_cat6/head"},{"predicate":{"custom_model_data":629},"model":"modelengine:nocsy_cat6/ears2"},{"predicate":{"custom_model_data":630},"model":"modelengine:nocsy_cat6/head_eyes_closed"},{"predicate":{"custom_model_data":631},"model":"modelengine:nocsy_cat6/front_foot_left"},{"predicate":{"custom_model_data":632},"model":"modelengine:nocsy_cat6/front_leg_left"},{"predicate":{"custom_model_data":633},"model":"modelengine:nocsy_cat6/front_foot_right"},{"predicate":{"custom_model_data":634},"model":"modelengine:nocsy_cat6/front_leg_right"},{"predicate":{"custom_model_data":635},"model":"modelengine:nocsy_cat6/back_foot_left"},{"predicate":{"custom_model_data":636},"model":"modelengine:nocsy_cat6/back_leg_left"},{"predicate":{"custom_model_data":637},"model":"modelengine:nocsy_cat6/back_foot_right"},{"predicate":{"custom_model_data":638},"model":"modelengine:nocsy_cat6/back_leg_right"},{"predicate":{"custom_model_data":639},"model":"modelengine:nocsy_cat6/body"},{"predicate":{"custom_model_data":640},"model":"modelengine:nocsy_cat_fallen/tail_end"},{"predicate":{"custom_model_data":641},"model":"modelengine:nocsy_cat_fallen/tail_half"},{"predicate":{"custom_model_data":642},"model":"modelengine:nocsy_cat_fallen/tail"},{"predicate":{"custom_model_data":643},"model":"modelengine:nocsy_cat_fallen/ears"},{"predicate":{"custom_model_data":644},"model":"modelengine:nocsy_cat_fallen/head"},{"predicate":{"custom_model_data":645},"model":"modelengine:nocsy_cat_fallen/ears2"},{"predicate":{"custom_model_data":646},"model":"modelengine:nocsy_cat_fallen/head_eyes_closed"},{"predicate":{"custom_model_data":647},"model":"modelengine:nocsy_cat_fallen/front_foot_left"},{"predicate":{"custom_model_data":648},"model":"modelengine:nocsy_cat_fallen/front_leg_left"},{"predicate":{"custom_model_data":649},"model":"modelengine:nocsy_cat_fallen/front_foot_right"},{"predicate":{"custom_model_data":650},"model":"modelengine:nocsy_cat_fallen/front_leg_right"},{"predicate":{"custom_model_data":651},"model":"modelengine:nocsy_cat_fallen/back_foot_left"},{"predicate":{"custom_model_data":652},"model":"modelengine:nocsy_cat_fallen/back_leg_left"},{"predicate":{"custom_model_data":653},"model":"modelengine:nocsy_cat_fallen/back_foot_right"},{"predicate":{"custom_model_data":654},"model":"modelengine:nocsy_cat_fallen/back_leg_right"},{"predicate":{"custom_model_data":655},"model":"modelengine:nocsy_cat_fallen/body"},{"predicate":{"custom_model_data":656},"model":"modelengine:nocsy_icebreaker/chest_part_top"},{"predicate":{"custom_model_data":657},"model":"modelengine:nocsy_icebreaker/chest_part_bottom"},{"predicate":{"custom_model_data":658},"model":"modelengine:nocsy_icebreaker/forearm_left"},{"predicate":{"custom_model_data":659},"model":"modelengine:nocsy_icebreaker/arm_left"},{"predicate":{"custom_model_data":660},"model":"modelengine:nocsy_icebreaker/forearm_right"},{"predicate":{"custom_model_data":661},"model":"modelengine:nocsy_icebreaker/arm_right"},{"predicate":{"custom_model_data":662},"model":"modelengine:nocsy_icebreaker/jaw"},{"predicate":{"custom_model_data":663},"model":"modelengine:nocsy_icebreaker/head"},{"predicate":{"custom_model_data":664},"model":"modelengine:nocsy_icebreaker/right_feet"},{"predicate":{"custom_model_data":665},"model":"modelengine:nocsy_icebreaker/leg_right"},{"predicate":{"custom_model_data":666},"model":"modelengine:nocsy_icebreaker/left_feet"},{"predicate":{"custom_model_data":667},"model":"modelengine:nocsy_icebreaker/leg_left"},{"predicate":{"custom_model_data":668},"model":"modelengine:nocsy_icebreaker/body"},{"predicate":{"custom_model_data":669},"model":"modelengine:nocsy_icebreaker_ice/body"},{"predicate":{"custom_model_data":670},"model":"modelengine:nocsy_icebreaker_minion/left_arm"},{"predicate":{"custom_model_data":671},"model":"modelengine:nocsy_icebreaker_minion/right_arm"},{"predicate":{"custom_model_data":672},"model":"modelengine:nocsy_icebreaker_minion/leg_right"},{"predicate":{"custom_model_data":673},"model":"modelengine:nocsy_icebreaker_minion/leg_left"},{"predicate":{"custom_model_data":674},"model":"modelengine:nocsy_icebreaker_minion/chest"},{"predicate":{"custom_model_data":675},"model":"modelengine:nocsy_icebreaker_minion/jaw"},{"predicate":{"custom_model_data":676},"model":"modelengine:nocsy_icebreaker_minion/head"},{"predicate":{"custom_model_data":677},"model":"modelengine:nocsy_icebreaker_minion/body"},{"predicate":{"custom_model_data":678},"model":"modelengine:nocsy_icebreaker_snowball/body"},{"predicate":{"custom_model_data":679},"model":"modelengine:nocsy_thread_ball/thread_end"},{"predicate":{"custom_model_data":680},"model":"modelengine:nocsy_thread_ball/thread"},{"predicate":{"custom_model_data":681},"model":"modelengine:nocsy_thread_ball/body"},{"predicate":{"custom_model_data":682},"model":"modelengine:npcgreeting/head"},{"predicate":{"custom_model_data":683},"model":"modelengine:npcpackvol4_parts/empty"},{"predicate":{"custom_model_data":684},"model":"modelengine:npcpackvol4_parts/assassin_hand"},{"predicate":{"custom_model_data":685},"model":"modelengine:npcpackvol4_parts/assassin_hand_flip"},{"predicate":{"custom_model_data":686},"model":"modelengine:npcpackvol4_parts/assassin_katar"},{"predicate":{"custom_model_data":687},"model":"modelengine:orc_archer/left_foot"},{"predicate":{"custom_model_data":688},"model":"modelengine:orc_archer/left_ankle"},{"predicate":{"custom_model_data":689},"model":"modelengine:orc_archer/left_leg"},{"predicate":{"custom_model_data":690},"model":"modelengine:orc_archer/right_foot"},{"predicate":{"custom_model_data":691},"model":"modelengine:orc_archer/right_ankle"},{"predicate":{"custom_model_data":692},"model":"modelengine:orc_archer/right_leg"},{"predicate":{"custom_model_data":693},"model":"modelengine:orc_archer/crossbow"},{"predicate":{"custom_model_data":694},"model":"modelengine:orc_archer/left_wrist"},{"predicate":{"custom_model_data":695},"model":"modelengine:orc_archer/left_arm"},{"predicate":{"custom_model_data":696},"model":"modelengine:orc_archer/right_wrist"},{"predicate":{"custom_model_data":697},"model":"modelengine:orc_archer/right_arm"},{"predicate":{"custom_model_data":698},"model":"modelengine:orc_archer/jaw"},{"predicate":{"custom_model_data":699},"model":"modelengine:orc_archer/head"},{"predicate":{"custom_model_data":700},"model":"modelengine:orc_archer/upper_body_upper"},{"predicate":{"custom_model_data":701},"model":"modelengine:orc_archer/front_lt"},{"predicate":{"custom_model_data":702},"model":"modelengine:orc_archer/back_lt"},{"predicate":{"custom_model_data":703},"model":"modelengine:orc_archer/left_lt"},{"predicate":{"custom_model_data":704},"model":"modelengine:orc_archer/right_lt"},{"predicate":{"custom_model_data":705},"model":"modelengine:orc_archer/upper_body"},{"predicate":{"custom_model_data":706},"model":"modelengine:orc_boar/boar_left_hand"},{"predicate":{"custom_model_data":707},"model":"modelengine:orc_boar/boar_left_wrist"},{"predicate":{"custom_model_data":708},"model":"modelengine:orc_boar/boar_left_arm"},{"predicate":{"custom_model_data":709},"model":"modelengine:orc_boar/boar_right_hand"},{"predicate":{"custom_model_data":710},"model":"modelengine:orc_boar/boar_right_wrist"},{"predicate":{"custom_model_data":711},"model":"modelengine:orc_boar/boar_right_arm"},{"predicate":{"custom_model_data":712},"model":"modelengine:orc_boar/jaw"},{"predicate":{"custom_model_data":713},"model":"modelengine:orc_boar/head"},{"predicate":{"custom_model_data":714},"model":"modelengine:orc_boar/boar_upper_body_upper"},{"predicate":{"custom_model_data":715},"model":"modelengine:orc_boar/tail_end"},{"predicate":{"custom_model_data":716},"model":"modelengine:orc_boar/tail"},{"predicate":{"custom_model_data":717},"model":"modelengine:orc_boar/boar_upper_body"},{"predicate":{"custom_model_data":718},"model":"modelengine:orc_boar/boar_left_foot"},{"predicate":{"custom_model_data":719},"model":"modelengine:orc_boar/boar_left_ankle"},{"predicate":{"custom_model_data":720},"model":"modelengine:orc_boar/boar_left_leg"},{"predicate":{"custom_model_data":721},"model":"modelengine:orc_boar/boar_left_thigh"},{"predicate":{"custom_model_data":722},"model":"modelengine:orc_boar/boar_right_foot"},{"predicate":{"custom_model_data":723},"model":"modelengine:orc_boar/boar_right_ankle"},{"predicate":{"custom_model_data":724},"model":"modelengine:orc_boar/boar_right_leg"},{"predicate":{"custom_model_data":725},"model":"modelengine:orc_boar/boar_right_thigh"},{"predicate":{"custom_model_data":726},"model":"modelengine:orc_giant/left_foot"},{"predicate":{"custom_model_data":727},"model":"modelengine:orc_giant/left_ankle"},{"predicate":{"custom_model_data":728},"model":"modelengine:orc_giant/left_leg"},{"predicate":{"custom_model_data":729},"model":"modelengine:orc_giant/right_foot"},{"predicate":{"custom_model_data":730},"model":"modelengine:orc_giant/right_ankle"},{"predicate":{"custom_model_data":731},"model":"modelengine:orc_giant/right_leg"},{"predicate":{"custom_model_data":732},"model":"modelengine:orc_giant/front_lt"},{"predicate":{"custom_model_data":733},"model":"modelengine:orc_giant/back_lt"},{"predicate":{"custom_model_data":734},"model":"modelengine:orc_giant/left_lt"},{"predicate":{"custom_model_data":735},"model":"modelengine:orc_giant/right_lt"},{"predicate":{"custom_model_data":736},"model":"modelengine:orc_giant/right_finger"},{"predicate":{"custom_model_data":737},"model":"modelengine:orc_giant/right_thumb"},{"predicate":{"custom_model_data":738},"model":"modelengine:orc_giant/right_wrist"},{"predicate":{"custom_model_data":739},"model":"modelengine:orc_giant/right_arm"},{"predicate":{"custom_model_data":740},"model":"modelengine:orc_giant/left_finger"},{"predicate":{"custom_model_data":741},"model":"modelengine:orc_giant/left_thumb"},{"predicate":{"custom_model_data":742},"model":"modelengine:orc_giant/stone"},{"predicate":{"custom_model_data":743},"model":"modelengine:orc_giant/left_wrist"},{"predicate":{"custom_model_data":744},"model":"modelengine:orc_giant/left_arm"},{"predicate":{"custom_model_data":745},"model":"modelengine:orc_giant/jaw"},{"predicate":{"custom_model_data":746},"model":"modelengine:orc_giant/head"},{"predicate":{"custom_model_data":747},"model":"modelengine:orc_giant/upper_body_upper"},{"predicate":{"custom_model_data":748},"model":"modelengine:orc_giant/upper_body"},{"predicate":{"custom_model_data":749},"model":"modelengine:orc_king/boar_left_hand"},{"predicate":{"custom_model_data":750},"model":"modelengine:orc_king/boar_left_wrist"},{"predicate":{"custom_model_data":751},"model":"modelengine:orc_king/boar_left_arm"},{"predicate":{"custom_model_data":752},"model":"modelengine:orc_king/boar_right_hand"},{"predicate":{"custom_model_data":753},"model":"modelengine:orc_king/boar_right_wrist"},{"predicate":{"custom_model_data":754},"model":"modelengine:orc_king/boar_right_arm"},{"predicate":{"custom_model_data":755},"model":"modelengine:orc_king/boar_jaw"},{"predicate":{"custom_model_data":756},"model":"modelengine:orc_king/boar_head"},{"predicate":{"custom_model_data":757},"model":"modelengine:orc_king/left_finger"},{"predicate":{"custom_model_data":758},"model":"modelengine:orc_king/left_thumb"},{"predicate":{"custom_model_data":759},"model":"modelengine:orc_king/weapon"},{"predicate":{"custom_model_data":760},"model":"modelengine:orc_king/left_wrist"},{"predicate":{"custom_model_data":761},"model":"modelengine:orc_king/left_arm"},{"predicate":{"custom_model_data":762},"model":"modelengine:orc_king/right_finger"},{"predicate":{"custom_model_data":763},"model":"modelengine:orc_king/right_thumb"},{"predicate":{"custom_model_data":764},"model":"modelengine:orc_king/skulls"},{"predicate":{"custom_model_data":765},"model":"modelengine:orc_king/right_wrist"},{"predicate":{"custom_model_data":766},"model":"modelengine:orc_king/right_arm"},{"predicate":{"custom_model_data":767},"model":"modelengine:orc_king/jaw"},{"predicate":{"custom_model_data":768},"model":"modelengine:orc_king/head"},{"predicate":{"custom_model_data":769},"model":"modelengine:orc_king/upper_body_up"},{"predicate":{"custom_model_data":770},"model":"modelengine:orc_king/upper_body"},{"predicate":{"custom_model_data":771},"model":"modelengine:orc_king/left_foot"},{"predicate":{"custom_model_data":772},"model":"modelengine:orc_king/left_ankle"},{"predicate":{"custom_model_data":773},"model":"modelengine:orc_king/left_leg"},{"predicate":{"custom_model_data":774},"model":"modelengine:orc_king/right_foot"},{"predicate":{"custom_model_data":775},"model":"modelengine:orc_king/right_ankle"},{"predicate":{"custom_model_data":776},"model":"modelengine:orc_king/right_leg"},{"predicate":{"custom_model_data":777},"model":"modelengine:orc_king/boar_upper_body_upper"},{"predicate":{"custom_model_data":778},"model":"modelengine:orc_king/tail_end"},{"predicate":{"custom_model_data":779},"model":"modelengine:orc_king/tail"},{"predicate":{"custom_model_data":780},"model":"modelengine:orc_king/boar_upper_body"},{"predicate":{"custom_model_data":781},"model":"modelengine:orc_king/boar_left_foot"},{"predicate":{"custom_model_data":782},"model":"modelengine:orc_king/boar_left_ankle"},{"predicate":{"custom_model_data":783},"model":"modelengine:orc_king/boar_left_leg"},{"predicate":{"custom_model_data":784},"model":"modelengine:orc_king/boar_left_thigh"},{"predicate":{"custom_model_data":785},"model":"modelengine:orc_king/boar_right_foot"},{"predicate":{"custom_model_data":786},"model":"modelengine:orc_king/boar_right_ankle"},{"predicate":{"custom_model_data":787},"model":"modelengine:orc_king/boar_right_leg"},{"predicate":{"custom_model_data":788},"model":"modelengine:orc_king/boar_right_thigh"},{"predicate":{"custom_model_data":789},"model":"modelengine:orc_minion/jaw"},{"predicate":{"custom_model_data":790},"model":"modelengine:orc_minion/head"},{"predicate":{"custom_model_data":791},"model":"modelengine:orc_minion/weapon"},{"predicate":{"custom_model_data":792},"model":"modelengine:orc_minion/left_wrist"},{"predicate":{"custom_model_data":793},"model":"modelengine:orc_minion/left_arm"},{"predicate":{"custom_model_data":794},"model":"modelengine:orc_minion/right_wrist"},{"predicate":{"custom_model_data":795},"model":"modelengine:orc_minion/right_arm"},{"predicate":{"custom_model_data":796},"model":"modelengine:orc_minion/upper_body_upper"},{"predicate":{"custom_model_data":797},"model":"modelengine:orc_minion/right_lt"},{"predicate":{"custom_model_data":798},"model":"modelengine:orc_minion/left_lt"},{"predicate":{"custom_model_data":799},"model":"modelengine:orc_minion/front_lt"},{"predicate":{"custom_model_data":800},"model":"modelengine:orc_minion/back_lt"},{"predicate":{"custom_model_data":801},"model":"modelengine:orc_minion/upper_body"},{"predicate":{"custom_model_data":802},"model":"modelengine:orc_minion/left_foot"},{"predicate":{"custom_model_data":803},"model":"modelengine:orc_minion/left_ankle"},{"predicate":{"custom_model_data":804},"model":"modelengine:orc_minion/left_leg"},{"predicate":{"custom_model_data":805},"model":"modelengine:orc_minion/right_foot"},{"predicate":{"custom_model_data":806},"model":"modelengine:orc_minion/right_ankle"},{"predicate":{"custom_model_data":807},"model":"modelengine:orc_minion/right_leg"},{"predicate":{"custom_model_data":808},"model":"modelengine:orc_shield/shield"},{"predicate":{"custom_model_data":809},"model":"modelengine:orc_warrior/shield"},{"predicate":{"custom_model_data":810},"model":"modelengine:orc_warrior/right_wrist"},{"predicate":{"custom_model_data":811},"model":"modelengine:orc_warrior/right_arm"},{"predicate":{"custom_model_data":812},"model":"modelengine:orc_warrior/axe"},{"predicate":{"custom_model_data":813},"model":"modelengine:orc_warrior/left_wrist"},{"predicate":{"custom_model_data":814},"model":"modelengine:orc_warrior/left_arm"},{"predicate":{"custom_model_data":815},"model":"modelengine:orc_warrior/jaw"},{"predicate":{"custom_model_data":816},"model":"modelengine:orc_warrior/head"},{"predicate":{"custom_model_data":817},"model":"modelengine:orc_warrior/upper_body_upper"},{"predicate":{"custom_model_data":818},"model":"modelengine:orc_warrior/left_lt"},{"predicate":{"custom_model_data":819},"model":"modelengine:orc_warrior/right_lt"},{"predicate":{"custom_model_data":820},"model":"modelengine:orc_warrior/front_lt"},{"predicate":{"custom_model_data":821},"model":"modelengine:orc_warrior/back_lt"},{"predicate":{"custom_model_data":822},"model":"modelengine:orc_warrior/upper_body"},{"predicate":{"custom_model_data":823},"model":"modelengine:orc_warrior/right_foot"},{"predicate":{"custom_model_data":824},"model":"modelengine:orc_warrior/right_ankle"},{"predicate":{"custom_model_data":825},"model":"modelengine:orc_warrior/right_leg"},{"predicate":{"custom_model_data":826},"model":"modelengine:orc_warrior/left_foot"},{"predicate":{"custom_model_data":827},"model":"modelengine:orc_warrior/left_ankle"},{"predicate":{"custom_model_data":828},"model":"modelengine:orc_warrior/left_leg"},{"predicate":{"custom_model_data":829},"model":"modelengine:rpg_bat/tail2"},{"predicate":{"custom_model_data":830},"model":"modelengine:rpg_bat/tail1"},{"predicate":{"custom_model_data":831},"model":"modelengine:rpg_bat/right_leg"},{"predicate":{"custom_model_data":832},"model":"modelengine:rpg_bat/right_wing2"},{"predicate":{"custom_model_data":833},"model":"modelengine:rpg_bat/right_wing"},{"predicate":{"custom_model_data":834},"model":"modelengine:rpg_bat/left_wing2"},{"predicate":{"custom_model_data":835},"model":"modelengine:rpg_bat/left_wing"},{"predicate":{"custom_model_data":836},"model":"modelengine:rpg_bat/head"},{"predicate":{"custom_model_data":837},"model":"modelengine:rpg_bat/left_leg"},{"predicate":{"custom_model_data":838},"model":"modelengine:rpg_bat/body"},{"predicate":{"custom_model_data":839},"model":"modelengine:rpg_bat/hp_bar"},{"predicate":{"custom_model_data":840},"model":"modelengine:rpg_mushroom/cap"},{"predicate":{"custom_model_data":841},"model":"modelengine:rpg_mushroom/base2"},{"predicate":{"custom_model_data":842},"model":"modelengine:rpg_mushroom/leg"},{"predicate":{"custom_model_data":843},"model":"modelengine:rpg_mushroom/leg2"},{"predicate":{"custom_model_data":844},"model":"modelengine:rpg_mushroom/base"},{"predicate":{"custom_model_data":845},"model":"modelengine:rpg_mushroom/hp_bar"},{"predicate":{"custom_model_data":846},"model":"modelengine:rpg_mushroom_red/cap"},{"predicate":{"custom_model_data":847},"model":"modelengine:rpg_mushroom_red/base2"},{"predicate":{"custom_model_data":848},"model":"modelengine:rpg_mushroom_red/leg"},{"predicate":{"custom_model_data":849},"model":"modelengine:rpg_mushroom_red/leg2"},{"predicate":{"custom_model_data":850},"model":"modelengine:rpg_mushroom_red/base"},{"predicate":{"custom_model_data":851},"model":"modelengine:rpg_mushroom_red/hp_bar"},{"predicate":{"custom_model_data":852},"model":"modelengine:rpg_pack_parts/right_hand_loaded"},{"predicate":{"custom_model_data":853},"model":"modelengine:rpg_poison_slime_cube/bone"},{"predicate":{"custom_model_data":854},"model":"modelengine:rpg_poison_slime_cube/skull"},{"predicate":{"custom_model_data":855},"model":"modelengine:rpg_poison_slime_cube/sword"},{"predicate":{"custom_model_data":856},"model":"modelengine:rpg_poison_slime_cube/ribs"},{"predicate":{"custom_model_data":857},"model":"modelengine:rpg_poison_slime_cube/base"},{"predicate":{"custom_model_data":858},"model":"modelengine:rpg_poison_slime_cube/body"},{"predicate":{"custom_model_data":859},"model":"modelengine:rpg_poison_slime_cube/hp_bar"},{"predicate":{"custom_model_data":860},"model":"modelengine:rpg_rat/head"},{"predicate":{"custom_model_data":861},"model":"modelengine:rpg_rat/tail4"},{"predicate":{"custom_model_data":862},"model":"modelengine:rpg_rat/tail3"},{"predicate":{"custom_model_data":863},"model":"modelengine:rpg_rat/tail2"},{"predicate":{"custom_model_data":864},"model":"modelengine:rpg_rat/tail1"},{"predicate":{"custom_model_data":865},"model":"modelengine:rpg_rat/left_front_foot"},{"predicate":{"custom_model_data":866},"model":"modelengine:rpg_rat/left_front_shin"},{"predicate":{"custom_model_data":867},"model":"modelengine:rpg_rat/left_front_leg"},{"predicate":{"custom_model_data":868},"model":"modelengine:rpg_rat/right_front_foot"},{"predicate":{"custom_model_data":869},"model":"modelengine:rpg_rat/right_front_shin"},{"predicate":{"custom_model_data":870},"model":"modelengine:rpg_rat/right_front_leg"},{"predicate":{"custom_model_data":871},"model":"modelengine:rpg_rat/left_back_foot"},{"predicate":{"custom_model_data":872},"model":"modelengine:rpg_rat/left_back_shin"},{"predicate":{"custom_model_data":873},"model":"modelengine:rpg_rat/left_back_leg"},{"predicate":{"custom_model_data":874},"model":"modelengine:rpg_rat/right_back_foot"},{"predicate":{"custom_model_data":875},"model":"modelengine:rpg_rat/right_back_shin"},{"predicate":{"custom_model_data":876},"model":"modelengine:rpg_rat/right_back_leg"},{"predicate":{"custom_model_data":877},"model":"modelengine:rpg_rat/body"},{"predicate":{"custom_model_data":878},"model":"modelengine:rpg_rat/hp_bar"},{"predicate":{"custom_model_data":879},"model":"modelengine:rpg_rat_undead/head"},{"predicate":{"custom_model_data":880},"model":"modelengine:rpg_rat_undead/tail3"},{"predicate":{"custom_model_data":881},"model":"modelengine:rpg_rat_undead/tail2"},{"predicate":{"custom_model_data":882},"model":"modelengine:rpg_rat_undead/tail1"},{"predicate":{"custom_model_data":883},"model":"modelengine:rpg_rat_undead/left_front_foot"},{"predicate":{"custom_model_data":884},"model":"modelengine:rpg_rat_undead/left_front_shin"},{"predicate":{"custom_model_data":885},"model":"modelengine:rpg_rat_undead/left_front_leg"},{"predicate":{"custom_model_data":886},"model":"modelengine:rpg_rat_undead/right_front_foot"},{"predicate":{"custom_model_data":887},"model":"modelengine:rpg_rat_undead/right_front_shin"},{"predicate":{"custom_model_data":888},"model":"modelengine:rpg_rat_undead/right_front_leg"},{"predicate":{"custom_model_data":889},"model":"modelengine:rpg_rat_undead/left_back_foot"},{"predicate":{"custom_model_data":890},"model":"modelengine:rpg_rat_undead/left_back_shin"},{"predicate":{"custom_model_data":891},"model":"modelengine:rpg_rat_undead/left_back_leg"},{"predicate":{"custom_model_data":892},"model":"modelengine:rpg_rat_undead/right_back_foot"},{"predicate":{"custom_model_data":893},"model":"modelengine:rpg_rat_undead/right_back_shin"},{"predicate":{"custom_model_data":894},"model":"modelengine:rpg_rat_undead/right_back_leg"},{"predicate":{"custom_model_data":895},"model":"modelengine:rpg_rat_undead/body"},{"predicate":{"custom_model_data":896},"model":"modelengine:rpg_rat_undead/hp_bar"},{"predicate":{"custom_model_data":897},"model":"modelengine:rpg_sand_golem/left_hand"},{"predicate":{"custom_model_data":898},"model":"modelengine:rpg_sand_golem/left_arm"},{"predicate":{"custom_model_data":899},"model":"modelengine:rpg_sand_golem/right_hand"},{"predicate":{"custom_model_data":900},"model":"modelengine:rpg_sand_golem/right_arm"},{"predicate":{"custom_model_data":901},"model":"modelengine:rpg_sand_golem/left_foot"},{"predicate":{"custom_model_data":902},"model":"modelengine:rpg_sand_golem/left_leg"},{"predicate":{"custom_model_data":903},"model":"modelengine:rpg_sand_golem/right_foot"},{"predicate":{"custom_model_data":904},"model":"modelengine:rpg_sand_golem/right_leg"},{"predicate":{"custom_model_data":905},"model":"modelengine:rpg_sand_golem/head"},{"predicate":{"custom_model_data":906},"model":"modelengine:rpg_sand_golem/torso"},{"predicate":{"custom_model_data":907},"model":"modelengine:rpg_sand_golem/hp_bar"},{"predicate":{"custom_model_data":908},"model":"modelengine:rpg_skeleton/left_foot"},{"predicate":{"custom_model_data":909},"model":"modelengine:rpg_skeleton/left_leg"},{"predicate":{"custom_model_data":910},"model":"modelengine:rpg_skeleton/left_hand"},{"predicate":{"custom_model_data":911},"model":"modelengine:rpg_skeleton/left_arm"},{"predicate":{"custom_model_data":912},"model":"modelengine:rpg_skeleton/right_foot"},{"predicate":{"custom_model_data":913},"model":"modelengine:rpg_skeleton/right_leg"},{"predicate":{"custom_model_data":914},"model":"modelengine:rpg_skeleton/jaw"},{"predicate":{"custom_model_data":915},"model":"modelengine:rpg_skeleton/head"},{"predicate":{"custom_model_data":916},"model":"modelengine:rpg_skeleton/right_hand"},{"predicate":{"custom_model_data":917},"model":"modelengine:rpg_skeleton/right_arm"},{"predicate":{"custom_model_data":918},"model":"modelengine:rpg_skeleton/body"},{"predicate":{"custom_model_data":919},"model":"modelengine:rpg_skeleton/hp_bar"},{"predicate":{"custom_model_data":920},"model":"modelengine:rpg_skeleton_crossbow/left_foot"},{"predicate":{"custom_model_data":921},"model":"modelengine:rpg_skeleton_crossbow/left_leg"},{"predicate":{"custom_model_data":922},"model":"modelengine:rpg_skeleton_crossbow/left_hand"},{"predicate":{"custom_model_data":923},"model":"modelengine:rpg_skeleton_crossbow/left_arm"},{"predicate":{"custom_model_data":924},"model":"modelengine:rpg_skeleton_crossbow/right_foot"},{"predicate":{"custom_model_data":925},"model":"modelengine:rpg_skeleton_crossbow/right_leg"},{"predicate":{"custom_model_data":926},"model":"modelengine:rpg_skeleton_crossbow/jaw"},{"predicate":{"custom_model_data":927},"model":"modelengine:rpg_skeleton_crossbow/head"},{"predicate":{"custom_model_data":928},"model":"modelengine:rpg_skeleton_crossbow/right_hand"},{"predicate":{"custom_model_data":929},"model":"modelengine:rpg_skeleton_crossbow/right_arm"},{"predicate":{"custom_model_data":930},"model":"modelengine:rpg_skeleton_crossbow/body"},{"predicate":{"custom_model_data":931},"model":"modelengine:rpg_skeleton_crossbow/hp_bar"},{"predicate":{"custom_model_data":932},"model":"modelengine:rpg_slime_cube/bone"},{"predicate":{"custom_model_data":933},"model":"modelengine:rpg_slime_cube/skull"},{"predicate":{"custom_model_data":934},"model":"modelengine:rpg_slime_cube/sword"},{"predicate":{"custom_model_data":935},"model":"modelengine:rpg_slime_cube/ribs"},{"predicate":{"custom_model_data":936},"model":"modelengine:rpg_slime_cube/base"},{"predicate":{"custom_model_data":937},"model":"modelengine:rpg_slime_cube/body"},{"predicate":{"custom_model_data":938},"model":"modelengine:rpg_slime_cube/hp_bar"},{"predicate":{"custom_model_data":939},"model":"modelengine:rpg_stone_golem/left_hand"},{"predicate":{"custom_model_data":940},"model":"modelengine:rpg_stone_golem/left_arm"},{"predicate":{"custom_model_data":941},"model":"modelengine:rpg_stone_golem/right_hand"},{"predicate":{"custom_model_data":942},"model":"modelengine:rpg_stone_golem/right_arm"},{"predicate":{"custom_model_data":943},"model":"modelengine:rpg_stone_golem/left_foot"},{"predicate":{"custom_model_data":944},"model":"modelengine:rpg_stone_golem/left_leg"},{"predicate":{"custom_model_data":945},"model":"modelengine:rpg_stone_golem/right_foot"},{"predicate":{"custom_model_data":946},"model":"modelengine:rpg_stone_golem/right_leg"},{"predicate":{"custom_model_data":947},"model":"modelengine:rpg_stone_golem/head"},{"predicate":{"custom_model_data":948},"model":"modelengine:rpg_stone_golem/torso"},{"predicate":{"custom_model_data":949},"model":"modelengine:rpg_stone_golem/hp_bar"},{"predicate":{"custom_model_data":950},"model":"modelengine:rpg_zombie/jaw"},{"predicate":{"custom_model_data":951},"model":"modelengine:rpg_zombie/head"},{"predicate":{"custom_model_data":952},"model":"modelengine:rpg_zombie/left_hand"},{"predicate":{"custom_model_data":953},"model":"modelengine:rpg_zombie/left_forearm"},{"predicate":{"custom_model_data":954},"model":"modelengine:rpg_zombie/left_arm"},{"predicate":{"custom_model_data":955},"model":"modelengine:rpg_zombie/right_hand"},{"predicate":{"custom_model_data":956},"model":"modelengine:rpg_zombie/right_forearm"},{"predicate":{"custom_model_data":957},"model":"modelengine:rpg_zombie/right_arm"},{"predicate":{"custom_model_data":958},"model":"modelengine:rpg_zombie/left_foot"},{"predicate":{"custom_model_data":959},"model":"modelengine:rpg_zombie/left_shin"},{"predicate":{"custom_model_data":960},"model":"modelengine:rpg_zombie/left_leg"},{"predicate":{"custom_model_data":961},"model":"modelengine:rpg_zombie/right_foot"},{"predicate":{"custom_model_data":962},"model":"modelengine:rpg_zombie/right_shin"},{"predicate":{"custom_model_data":963},"model":"modelengine:rpg_zombie/right_leg"},{"predicate":{"custom_model_data":964},"model":"modelengine:rpg_zombie/body"},{"predicate":{"custom_model_data":965},"model":"modelengine:rpg_zombie/hp_bar"},{"predicate":{"custom_model_data":966},"model":"modelengine:rpg_zombie_head/jaw"},{"predicate":{"custom_model_data":967},"model":"modelengine:rpg_zombie_head/head"},{"predicate":{"custom_model_data":968},"model":"modelengine:shadow_fx/upper"},{"predicate":{"custom_model_data":969},"model":"modelengine:shadow_fx/lower"},{"predicate":{"custom_model_data":970},"model":"modelengine:skeleton_archer/left_foot"},{"predicate":{"custom_model_data":971},"model":"modelengine:skeleton_archer/left_ankle"},{"predicate":{"custom_model_data":972},"model":"modelengine:skeleton_archer/left_leg"},{"predicate":{"custom_model_data":973},"model":"modelengine:skeleton_archer/right_foot"},{"predicate":{"custom_model_data":974},"model":"modelengine:skeleton_archer/right_ankle"},{"predicate":{"custom_model_data":975},"model":"modelengine:skeleton_archer/right_leg"},{"predicate":{"custom_model_data":976},"model":"modelengine:skeleton_archer/jaw"},{"predicate":{"custom_model_data":977},"model":"modelengine:skeleton_archer/head"},{"predicate":{"custom_model_data":978},"model":"modelengine:skeleton_archer/bow"},{"predicate":{"custom_model_data":979},"model":"modelengine:skeleton_archer/left_hand"},{"predicate":{"custom_model_data":980},"model":"modelengine:skeleton_archer/left_wrist"},{"predicate":{"custom_model_data":981},"model":"modelengine:skeleton_archer/left_arm"},{"predicate":{"custom_model_data":982},"model":"modelengine:skeleton_archer/right_hand"},{"predicate":{"custom_model_data":983},"model":"modelengine:skeleton_archer/right_wrist"},{"predicate":{"custom_model_data":984},"model":"modelengine:skeleton_archer/right_arm"},{"predicate":{"custom_model_data":985},"model":"modelengine:skeleton_archer/chest"},{"predicate":{"custom_model_data":986},"model":"modelengine:skeleton_archer/back_cape_end"},{"predicate":{"custom_model_data":987},"model":"modelengine:skeleton_archer/back_cape"},{"predicate":{"custom_model_data":988},"model":"modelengine:skeleton_archer/front_cape_end"},{"predicate":{"custom_model_data":989},"model":"modelengine:skeleton_archer/front_cape"},{"predicate":{"custom_model_data":990},"model":"modelengine:skeleton_archer/upper_body"},{"predicate":{"custom_model_data":991},"model":"modelengine:skeleton_shaman/left_foot"},{"predicate":{"custom_model_data":992},"model":"modelengine:skeleton_shaman/left_ankle"},{"predicate":{"custom_model_data":993},"model":"modelengine:skeleton_shaman/left_leg"},{"predicate":{"custom_model_data":994},"model":"modelengine:skeleton_shaman/right_foot"},{"predicate":{"custom_model_data":995},"model":"modelengine:skeleton_shaman/right_ankle"},{"predicate":{"custom_model_data":996},"model":"modelengine:skeleton_shaman/right_leg"},{"predicate":{"custom_model_data":997},"model":"modelengine:skeleton_shaman/jaw"},{"predicate":{"custom_model_data":998},"model":"modelengine:skeleton_shaman/head"},{"predicate":{"custom_model_data":999},"model":"modelengine:skeleton_shaman/left_hand"},{"predicate":{"custom_model_data":1000},"model":"modelengine:skeleton_shaman/left_wrist"},{"predicate":{"custom_model_data":1001},"model":"modelengine:skeleton_shaman/left_arm"},{"predicate":{"custom_model_data":1002},"model":"modelengine:skeleton_shaman/right_hand"},{"predicate":{"custom_model_data":1003},"model":"modelengine:skeleton_shaman/right_wrist"},{"predicate":{"custom_model_data":1004},"model":"modelengine:skeleton_shaman/right_arm"},{"predicate":{"custom_model_data":1005},"model":"modelengine:skeleton_shaman/chest"},{"predicate":{"custom_model_data":1006},"model":"modelengine:skeleton_shaman/back_cape_end"},{"predicate":{"custom_model_data":1007},"model":"modelengine:skeleton_shaman/back_cape"},{"predicate":{"custom_model_data":1008},"model":"modelengine:skeleton_shaman/front_cape_end"},{"predicate":{"custom_model_data":1009},"model":"modelengine:skeleton_shaman/front_cape"},{"predicate":{"custom_model_data":1010},"model":"modelengine:skeleton_shaman/upper_body"},{"predicate":{"custom_model_data":1011},"model":"modelengine:skeleton_warrior/left_foot"},{"predicate":{"custom_model_data":1012},"model":"modelengine:skeleton_warrior/left_ankle"},{"predicate":{"custom_model_data":1013},"model":"modelengine:skeleton_warrior/left_leg"},{"predicate":{"custom_model_data":1014},"model":"modelengine:skeleton_warrior/right_foot"},{"predicate":{"custom_model_data":1015},"model":"modelengine:skeleton_warrior/right_ankle"},{"predicate":{"custom_model_data":1016},"model":"modelengine:skeleton_warrior/right_leg"},{"predicate":{"custom_model_data":1017},"model":"modelengine:skeleton_warrior/jaw"},{"predicate":{"custom_model_data":1018},"model":"modelengine:skeleton_warrior/head"},{"predicate":{"custom_model_data":1019},"model":"modelengine:skeleton_warrior/left_hand"},{"predicate":{"custom_model_data":1020},"model":"modelengine:skeleton_warrior/left_wrist"},{"predicate":{"custom_model_data":1021},"model":"modelengine:skeleton_warrior/left_arm"},{"predicate":{"custom_model_data":1022},"model":"modelengine:skeleton_warrior/right_hand"},{"predicate":{"custom_model_data":1023},"model":"modelengine:skeleton_warrior/right_wrist"},{"predicate":{"custom_model_data":1024},"model":"modelengine:skeleton_warrior/right_arm"},{"predicate":{"custom_model_data":1025},"model":"modelengine:skeleton_warrior/chest"},{"predicate":{"custom_model_data":1026},"model":"modelengine:skeleton_warrior/back_cape_end"},{"predicate":{"custom_model_data":1027},"model":"modelengine:skeleton_warrior/back_cape"},{"predicate":{"custom_model_data":1028},"model":"modelengine:skeleton_warrior/front_cape_end"},{"predicate":{"custom_model_data":1029},"model":"modelengine:skeleton_warrior/front_cape"},{"predicate":{"custom_model_data":1030},"model":"modelengine:skeleton_warrior/upper_body"},{"predicate":{"custom_model_data":1031},"model":"modelengine:slimy_crate/vine1"},{"predicate":{"custom_model_data":1032},"model":"modelengine:slimy_crate/vine2"},{"predicate":{"custom_model_data":1033},"model":"modelengine:slimy_crate/lid"},{"predicate":{"custom_model_data":1034},"model":"modelengine:slimy_crate/vine_bottom2"},{"predicate":{"custom_model_data":1035},"model":"modelengine:slimy_crate/vine_bottom"},{"predicate":{"custom_model_data":1036},"model":"modelengine:slimy_crate/drop"},{"predicate":{"custom_model_data":1037},"model":"modelengine:slimy_crate/item"},{"predicate":{"custom_model_data":1038},"model":"modelengine:slimy_crate/lightbeam"},{"predicate":{"custom_model_data":1039},"model":"modelengine:slimy_crate/body"},{"predicate":{"custom_model_data":1040},"model":"modelengine:slimy_crate/slime_ground"},{"predicate":{"custom_model_data":1041},"model":"modelengine:soulknight_crate/chain_left"},{"predicate":{"custom_model_data":1042},"model":"modelengine:soulknight_crate/chain_right"},{"predicate":{"custom_model_data":1043},"model":"modelengine:soulknight_crate/skull_up"},{"predicate":{"custom_model_data":1044},"model":"modelengine:soulknight_crate/lid"},{"predicate":{"custom_model_data":1045},"model":"modelengine:soulknight_crate/lightbeam"},{"predicate":{"custom_model_data":1046},"model":"modelengine:soulknight_crate/item"},{"predicate":{"custom_model_data":1047},"model":"modelengine:soulknight_crate/skull_bot"},{"predicate":{"custom_model_data":1048},"model":"modelengine:soulknight_crate/body"},{"predicate":{"custom_model_data":1049},"model":"modelengine:viking/head"},{"predicate":{"custom_model_data":1050},"model":"modelengine:viking/back"},{"predicate":{"custom_model_data":1051},"model":"modelengine:viking/left_foot"},{"predicate":{"custom_model_data":1052},"model":"modelengine:viking/left_leg"},{"predicate":{"custom_model_data":1053},"model":"modelengine:viking/right_foot"},{"predicate":{"custom_model_data":1054},"model":"modelengine:viking/right_leg"},{"predicate":{"custom_model_data":1055},"model":"modelengine:viking/left_hand"},{"predicate":{"custom_model_data":1056},"model":"modelengine:viking/left_arm"},{"predicate":{"custom_model_data":1057},"model":"modelengine:viking/right_hand"},{"predicate":{"custom_model_data":1058},"model":"modelengine:viking/right_arm"},{"predicate":{"custom_model_data":1059},"model":"modelengine:viking/hip"},{"predicate":{"custom_model_data":1060},"model":"modelengine:viking/body"},{"predicate":{"custom_model_data":1061},"model":"modelengine:viking/hp_bar"},{"predicate":{"custom_model_data":1062},"model":"modelengine:viking_decor/flag4"},{"predicate":{"custom_model_data":1063},"model":"modelengine:viking_decor/flag3"},{"predicate":{"custom_model_data":1064},"model":"modelengine:viking_decor/flag2"},{"predicate":{"custom_model_data":1065},"model":"modelengine:viking_decor/flag1"},{"predicate":{"custom_model_data":1066},"model":"modelengine:viking_decor/base"},{"predicate":{"custom_model_data":1067},"model":"modelengine:viking_decor2/base"},{"predicate":{"custom_model_data":1068},"model":"modelengine:viking_decor3/octagon2"},{"predicate":{"custom_model_data":1069},"model":"modelengine:viking_decor3/octagon"},{"predicate":{"custom_model_data":1070},"model":"modelengine:viking_decor3/base"},{"predicate":{"custom_model_data":1071},"model":"modelengine:viking_decor3_parts/variation1"},{"predicate":{"custom_model_data":1072},"model":"modelengine:viking_decor3_parts/variation2"},{"predicate":{"custom_model_data":1073},"model":"modelengine:viking_decor4/base"},{"predicate":{"custom_model_data":1074},"model":"modelengine:viking_decor4_parts/var1"},{"predicate":{"custom_model_data":1075},"model":"modelengine:viking_decor4_parts/var2"},{"predicate":{"custom_model_data":1076},"model":"modelengine:viking_decor4_parts/var3"},{"predicate":{"custom_model_data":1077},"model":"modelengine:viking_miniboss/cape1"},{"predicate":{"custom_model_data":1078},"model":"modelengine:viking_miniboss/left_hand"},{"predicate":{"custom_model_data":1079},"model":"modelengine:viking_miniboss/left_forearm"},{"predicate":{"custom_model_data":1080},"model":"modelengine:viking_miniboss/left_arm"},{"predicate":{"custom_model_data":1081},"model":"modelengine:viking_miniboss/right_hand"},{"predicate":{"custom_model_data":1082},"model":"modelengine:viking_miniboss/right_forearm"},{"predicate":{"custom_model_data":1083},"model":"modelengine:viking_miniboss/right_arm"},{"predicate":{"custom_model_data":1084},"model":"modelengine:viking_miniboss/left_foot"},{"predicate":{"custom_model_data":1085},"model":"modelengine:viking_miniboss/left_leg"},{"predicate":{"custom_model_data":1086},"model":"modelengine:viking_miniboss/right_foot"},{"predicate":{"custom_model_data":1087},"model":"modelengine:viking_miniboss/right_leg"},{"predicate":{"custom_model_data":1088},"model":"modelengine:viking_miniboss/beard1"},{"predicate":{"custom_model_data":1089},"model":"modelengine:viking_miniboss/beard2"},{"predicate":{"custom_model_data":1090},"model":"modelengine:viking_miniboss/left_horn"},{"predicate":{"custom_model_data":1091},"model":"modelengine:viking_miniboss/right_horn"},{"predicate":{"custom_model_data":1092},"model":"modelengine:viking_miniboss/head"},{"predicate":{"custom_model_data":1093},"model":"modelengine:viking_miniboss/body"},{"predicate":{"custom_model_data":1094},"model":"modelengine:viking_miniboss/hp_bar"},{"predicate":{"custom_model_data":1095},"model":"modelengine:viking_miniboss_axe/axe"},{"predicate":{"custom_model_data":1096},"model":"modelengine:viking_miniboss_axeland/axe"},{"predicate":{"custom_model_data":1097},"model":"modelengine:viking_miniboss_door/doorleft"},{"predicate":{"custom_model_data":1098},"model":"modelengine:viking_miniboss_door/doorright"},{"predicate":{"custom_model_data":1099},"model":"modelengine:viking_miniboss_parts/left_empty"},{"predicate":{"custom_model_data":1100},"model":"modelengine:viking_miniboss_parts/right_empty"},{"predicate":{"custom_model_data":1101},"model":"modelengine:viking_miniboss_parts/axe"},{"predicate":{"custom_model_data":1102},"model":"modelengine:viking_parts/head_1"},{"predicate":{"custom_model_data":1103},"model":"modelengine:viking_parts/empty"},{"predicate":{"custom_model_data":1104},"model":"modelengine:viking_parts/back_shieldaxe"},{"predicate":{"custom_model_data":1105},"model":"modelengine:viking_parts/head_2"},{"predicate":{"custom_model_data":1106},"model":"modelengine:viking_parts/head_3"},{"predicate":{"custom_model_data":1107},"model":"modelengine:viking_parts/left_hand_shield2"},{"predicate":{"custom_model_data":1108},"model":"modelengine:viking_parts/left_arm_1"},{"predicate":{"custom_model_data":1109},"model":"modelengine:viking_parts/right_hand_hammer"},{"predicate":{"custom_model_data":1110},"model":"modelengine:viking_parts/right_hand_mace"},{"predicate":{"custom_model_data":1111},"model":"modelengine:viking_parts/right_arm_1"},{"predicate":{"custom_model_data":1112},"model":"modelengine:viking_parts/body_1"},{"predicate":{"custom_model_data":1113},"model":"modelengine:viking_parts/head_4"},{"predicate":{"custom_model_data":1114},"model":"modelengine:viking_parts/head_5"},{"predicate":{"custom_model_data":1115},"model":"modelengine:viking_parts/head_6"},{"predicate":{"custom_model_data":1116},"model":"modelengine:viking_parts/head_7"},{"predicate":{"custom_model_data":1117},"model":"modelengine:viking_parts/head_8"},{"predicate":{"custom_model_data":1118},"model":"modelengine:viking_parts/back_shieldaxe2"},{"predicate":{"custom_model_data":1119},"model":"modelengine:viking_parts/body_2"},{"predicate":{"custom_model_data":1120},"model":"modelengine:viking_parts/left_hand_shield1"},{"predicate":{"custom_model_data":1121},"model":"modelengine:viking_parts/left_hand_axe"},{"predicate":{"custom_model_data":1122},"model":"modelengine:viking_parts/left_arm_3"},{"predicate":{"custom_model_data":1123},"model":"modelengine:viking_parts/right_hand_axe"},{"predicate":{"custom_model_data":1124},"model":"modelengine:viking_parts/right_arm_3"},{"predicate":{"custom_model_data":1125},"model":"modelengine:viking_parts/body_3"},{"predicate":{"custom_model_data":1126},"model":"modelengine:viking_parts/back_shieldhammer"},{"predicate":{"custom_model_data":1127},"model":"modelengine:viking_parts/hip_hammer"},{"predicate":{"custom_model_data":1128},"model":"modelengine:viking_parts/back_shield"},{"predicate":{"custom_model_data":1129},"model":"modelengine:viking_parts/back_axe"},{"predicate":{"custom_model_data":1130},"model":"modelengine:viking_parts/back_hammer"},{"predicate":{"custom_model_data":1131},"model":"modelengine:viking_parts/hip_mace"},{"predicate":{"custom_model_data":1132},"model":"modelengine:viking_rune_parts/speed"},{"predicate":{"custom_model_data":1133},"model":"modelengine:viking_rune_parts/luck"},{"predicate":{"custom_model_data":1134},"model":"modelengine:viking_rune_parts/blank"},{"predicate":{"custom_model_data":1135},"model":"modelengine:viking_rune_power/base"},{"predicate":{"custom_model_data":1136},"model":"modelengine:viking_stone_pile/stone"}]}